永德棠梨花园公租房房产证何时办理,待回复,城建 咨询,h***,2019-11-2319:26,你好书记：我是永德县的一名普通的农民！2年以前在永德县城凤凰城旁边的公租房住宅小区37栋买了一套公租房，房款当时间是一次性付清全款，也签了合同！但是房产证当时没有办！询问售楼的工作人员，当时给的答复是要等几年才能办到！我想在这里问一下书记你！我们的房产证什么时候能办下来！我们农民在城里买一套房子不容易！希望得到实质的答复！谢谢。,,,
爱心捐赠书籍没有人认领,已办理,教育 咨询,杨***,2019-11-1615:26,永德县建材市场华阔物流有几箱爱心捐赠书籍，看着已经丢了好久了。请书记安排相关部门处理一下。爱心人士做公益也不容易，辜负什么也请別辜负爱！,中共永德县委书记宋正垠,网民朋友：您好！      您在人民网地方领导留言板上给我的留言已收悉，县委、政府高度重视，已责成县红十字会牵头，德党镇等相关部门配合，对您反映的情况进行调查核实并妥善处理，现将有关情况回复如下：      经核实，该批书籍系某爱心企业捐赠德党镇教育办公室辖区内小学，共有22件图书。由于德党镇教育办公室在2018年底曾接受过该企业捐赠的38件6058册图书，并于12月底全部发放到镇内6所小学。德党镇教育办公室因不知还有22件书籍且缺少与华阔物流公司之间的沟通，故导致该批书籍长期滞留。      目前，德党镇教育办公室已领取了该书籍并将其发放至德党镇内响水、打崴、明朗、牛火塘、大出水5所小学。       如有疑问，请您与县红十字会联系，联系电话： 0883—5220202。      感谢您对我们工作的理解与支持。祝您身体健康，生活愉快！,回复时间：2019-11-28 11:58
小孟统麻栎树村到小学的河与河边的路,已办理,三农 咨询,l***,2019-10-1915:56,1、领导你好我是小孟统麻栎树村的村民，我们麻栎树等几个村的的稻谷水田的水源都是靠我村下面的一条小河、我小的时候这条小河我们村会组织打捞还好一些，我们小的时候去上学过路也是常过这条河边，现在每次打工回家看到这条提供我们几村稻田粮食水源的小河和河边道路、不但得不到改善还越来越不好。我特代表几村农民的稻田特向领导申请改善我们麻栎树村到小学的这条河和河边的道路    ,中共永德县委书记宋正垠,网民朋友：您好！        您在人民网地方领导留言板上给我的留言已收悉，县委、政府高度重视，已责成小勐统镇牵头，县水务局、县交通运输局配合，对您反映的情况进行调查核实和处理，现将有关情况回复如下：        小勐统镇党委、政府成立工作组于2019年10月23日深入麻栎树自然村对您反映的问题进行调查核实，因您在外务工，工作组只能通过电话与您进行联系，向您作出相关解释答复，得到您的理解和支持。        目前，麻栎树村小学河与河边的路已列入乡村振兴计划，待项目报批后将进行组织实施。        下步工作中，乡镇和部门间将继续做好沟通衔接，争取尽快组织实施。        如有疑问，请您与小勐统镇人民政府联系，联系电话： 0883—5711042。        感谢您对我们工作的理解与支持。祝您身体健康，生活愉快！,回复时间：2019-10-31 18:20
凌晨摩托车公租房扰民,已办理,治安 投诉,艺***,2019-10-0817:10,时段:2019年3月以来时间:最短凌晨1:00－2:15         最长记录1.00－4:25地点:永德县德党镇公租房住宅区事件:总有几个人在楼下大声吵闹，并且驾驶改装摩托车来回跑，走一段停下几秒大声轰油门，而接着飙车！诉求:希望能让扰民行为得到制止，扰民之人得到应有的惩处！,中共永德县委书记宋正垠,网民朋友：您好！        您在人民网地方领导留言板上给我的留言已收悉，县委、政府高度重视，已责成县公安局牵头，德党镇等相关部门配合，对您反映的情况进行调查核实并妥善处理，现将有关情况回复如下：        一是对公租房住宅区及周边加强武装巡逻，对来往人、车加强盘查检查，及时疏散社会闲散人员，依法制止、查处夜间大声吵闹、寻衅滋事等行为，并对周边商贩进行宣传教育，提醒降音降噪。二是从10月10日开始，抽调巡特警、交警、城关派出所等部门警力，以公租房住宅区为中心，以夜间0时至次日凌晨4时为重点时段，连续进行夜查整治，严查严处“飚车”、酒驾醉驾、无证驾驶等交通违法行为，并面对面向夜间驾车出行群众进行交通安全宣传，提醒文明驾车、安全出行。连日来，共出动警力120人次、警车36辆次，累计盘查人员300余人，车辆700余辆次，查处交通违法行为65起，扣留机动车26辆。经综合整治，公租房住宅区及周边交通、治安秩序得到了明显改善。        下步工作中，将持续关注公租房一带道路交通和社会治安秩序，进一步开展好宣传教育、巡逻管控、夜查整治等工作，并充分利用电子警察监控系统加强网上巡查，发现违法行为及时依法查处，巩固整治效果。        如有疑问，请您与县公安局联系，联系电话： 0883—5217110。        感谢您对我们工作的理解与支持。祝您身体健康，生活愉快！,回复时间：2019-10-16 17:10
凤凰城公租房留言已得到答复,已办理,城建 感谢,8***,2019-08-3107:50,尊敬的领导您好！                           我于2019.8.26日在留言版上咨询了关于凤凰城公租房的交房问题，住建局领导曾局长和副局在8月29日就及时给我打电话回复了我，给我祥细说明了情况。解决了我的问题，非常感谢县委县局领导的关心体携人民！                                                    祝：                                     各位领导和各部门同志身体健康，                          万事如意！祝大美永德发展越来越好！！                                 ,中共永德县委书记宋正垠,网民同志：您好！    您在人民网地方领导留言板上给我的留言已收悉，感谢您对我们工作的信任理解与肯定。祝身体健康，生活愉快！,回复时间：2019-09-02 11:12
永德凤凰城公租房什么时候能入住,已办理,城建 咨询,8***,2019-08-2619:54,书记您好！为了方便孩子上学父母也在县城做活2018在永德棠梨园售楼处预定了一套凤凰城的公租房，当时预勾的时候售处的售楼员说每套政府补助4万元且年底就办过户，可之后多次询问都是一个月托一个月也没个准确时间，当时就想没多少存款家里老房先不修，先在县城买套公租房可现都不知道什么时候能入住。,中共永德县委书记宋正垠,网民朋友：您好！    您在人民网地方领导留言板上给我的留言已收悉，县委、政府高度重视，已责成县住建局牵头，永康镇、县信访局配合，对您反映的情况进行调查核实并妥善处置，现将有关情况回复如下：    经初步核实，您于2018年12月17日预订凤凰城公租房5栋2单元403号房，交付定金1万元。因凤凰城公租房建设项目周边道路硬化等基础设施配套工程才刚完工，入住条件还不充分，延迟了移交和分配入住时间。    目前，县住建局正在与代建的云南省城乡建设投资有限公司开展项目工程资料和实物移交工作。将于2019年9月底前完成项目工程竣工验收资料整体移交工作，您户可在2019年9月20日前入住。    如有疑问，请您与县住建局联系，联系电话：0883—5211976。    感谢您对我们工作的理解与支持。祝您身体健康，生活愉快！,回复时间：2019-09-02 10:01
从小父母双亡，跟着奶奶长大，想了解建房补贴,已办理,三农 咨询,普***,2019-08-1220:57,尊敬的书记你好！我是亚练乡云岭村打毒山的村民，今年25岁，我从小父母双亡，跟着年迈的奶奶一起生活，小学毕业刚就出去打工，由于学历太低工资也就只能勉强维持祖孙两的生活，家里的房子已经达到危房了，之前也参加过危房改造，现在谈了同是农村人家庭条件一般的女友，女友什么都不要，唯一的要求就是能在婚后有个遮风避雨的房子，现目前想了解一下我这样的情况建房有没有什么补贴之类的，实在无奈才会做出此举，望谅解！,中共永德县委书记宋正垠,网民朋友：您好！您在人民网地方领导留言板上给我的留言已收悉，县委、政府高度重视，已责成亚练乡牵头，县住建局、县信访局等相关部门配合，对您反映的情况进行调查核实，现将有关情况回复如下：经调查，您户隶属亚练乡云岭村打毒山组，家庭人口2人，户主杨太林（男，26岁），奶奶李卜地（女，77岁）。属非四类重点对象，于90年代建房，砖木结构，县住建局于2018年8月对您户住房进行安全认定，将其认定为C级危房。根据“住房安全有保障”的要求，在征得您户同意后，亚练乡及时组织施工队于2018年11月6日—2018年11月17日对您户住房及厨房进行修缮加固，修缮加固费用共计19347元（住房改造费用11759元，厨房改造费用7588元），全部由乡财政拨付于施工工队。修缮加固结束后，县住建局于2018年11月26日再次进行认定，认定您户住房为B级住房，达到“安全稳固，遮风避雨”的要求。根据《云南省住房和城乡建设厅 云南省发展和改革委员会 云南省财政厅关于印发<云南省农村危房改造工程工作规程（试行）的通知>》（云建村〔2012〕561号）和《中共永德县委办公室 永德县人民政府办公室关于印发<永德县2018-2019年农村危房改造和抗震安居工程建设实施方案>》（永办发〔2018〕18号）文件要求，认定为C级危房或认定为D级危房但通过加固改造可以达到抗震要求的住房，只能采取加固改造的方式进行改造，非4类重点对象危房户补助标准为户均1.5万元。同时，已享受过农村危房改造补助的农户，不能再次享受农村危房改造资金。综上所述，您户不能再次享受农村危房改造资金。调查期间，亚练乡调查工作组已当面向您做出解释说明，并得到您的理解与支持。如有疑问，请您与亚练乡人民政府联系，联系电话： 0883—5755255。感谢您对我们工作的理解与支持。祝您身体健康，生活愉快！,回复时间：2019-08-22 11:38
关于永德城市的一些看法。,已办理,城建 建言,大***,2019-07-1412:58,永德县城建设还在初级阶段，希望政府部门把县城整治干净整洁，县城环境卫生包括农贸市场街头巷角卫生环境有待该善，乱摆乱设特别需要整治幼儿园学校前面出入通道摆摊设点这在其他地方早好多年就整治好了的事情，应该规范传统赶场占道整治，设计在不影响通行的地方如新农贸市场内，现在的新农贸市场应该不是成包给个人就放弃建设及监管应该政府规范规划运作功能区配套设施建设完善，应该把新农贸市场正常运转起来，建设成一个功能齐全的及批发零售果疏肉禽批发市场，作为一个外地人最不想见到街巷的消防通被占，希望政府部门加强各部门监管督促到位实施有效，加快建设美丽永德大家齐努力！,中共永德县委书记宋正垠,网民朋友：您好！您在人民网地方领导留言板上给我的留言已收悉，县委、政府高度重视，已安排由县人民政府分管领导统筹，县城市管理综合行政执法局牵头，县市场监督管理局、县应急管理局、德党镇等相关部门配合，进一步做好永德县城市容市貌整治提升工作，现将有关情况回复如下：自2019年6月份开始，县城市管理综合行政执法局、县市场监督管理局、县应急管理局、德党镇等部门进一步加强了对县城老农贸市场进行规范清理。一是拆除农贸市场内占用消防通道的私搭乱建建筑物；二是对消防通道规范划线；三是加大新农贸市场的规范整治，已拆除和取缔乱摆放的摊点。目前，规范清理工作取得了阶段性成果。下步工作中，县城市管理综合行政执法局、县市场监督管理局、县应急管理局、德党镇等部门将加派工作人员继续抓好农贸市场的清理整治工作，确保农贸市场内消防通道的畅通；同时加大宣传工作力度，呼吁广大市民爱护环境卫生，积极参与配合整治县城人居环境工作，进一步提升县城市容市貌。如有疑问，请您与永德县城市管理综合行政执法局联系，联系电话：0883—5218556。感谢您对我们工作的理解与支持。祝您身体健康，生活愉快！,回复时间：2019-07-22 16:57
谢谢你书记！,已办理,政务 感谢,蕾***,2019-06-2214:11,你好书记！    谢谢您在百忙之中抽出宝贵的时间为我解决问题。    现经行政执法局调解，我与物管双方已经达成共识。特此感谢你对我们公民的帮助！,中共永德县委书记宋正垠,网民同志：您好！您在人民网地方领导留言板上给我的留言已收悉，感谢您对我们工作的信任理解与肯定。祝身体健康，生活愉快！,回复时间：2019-07-17 10:19
噪声污染,已办理,环保 求助,蕾***,2019-06-2210:59,书记你好！       我是永德县一位普通公民，现住在保障性住房小区。今天因为32栋在装修房子我打电给物业投诉，并被告知该物业没有一条规定和相关法律是不允许在休息日和周末装修的。今天本是周末从早上八点开始一直在装修，严重影响到我的生活。在工作日也是一样，每次到了下班午休时间就会有人装修，中午想睡个午觉也成奢望，生活没有质量。在提交一定的物业费的前提下得不到应该的管理，我想这种物业是不是可以提早的整顿一下。希望书记能够帮助我们这些普通公民解决。谢谢！                                                           2019年6月22日 ,中共永德县委书记宋正垠,网民朋友：您好！您在人民网地方领导留言板上给我的留言已收悉，县委、政府高度重视，已责成县城市管理综合行政执法局牵头，县住建局、德党镇等相关部门配合，对您反映的问题进行调查核实和处理。目前，您所反映的问题得到妥善解决。感谢您对我们工作的理解与支持。祝您身体健康，生活愉快！,回复时间：2019-07-17 10:17
永德小勐统农村危房改造补助资金问题,已办理,城建 咨询,叶***,2019-05-1114:39,尊敬的书记您好！我是小勐统镇湾甸村的乡村居民，为了响应农村危房改造，以为遇到好政策，我家房子都盖好快一年了，各种拍照验收，补助资金什么时候到，为了盖房子家里东凑西凑找亲戚朋友借钱、找银行贷款，差了一屁股债，我们是草根出生的农民，没有什么主要收入来源，就盼望着国家政府的危房补助资金早点下发，能把差的钱尽快还上一部分，减少部分压力。我们也到乡村居委会问了好多次，都是已各种原由搪塞我们，国家补助资金那是我们农民的救命稻草啊，没有这笔补助资金，真的过不下去了，希望您能帮助我们落实一下具体情况。,永德县宣传部,网民朋友：您好！您通过人民网地方领导留言板给我的留言已收悉。永德县委、政府高度重视，组建由小勐统镇牵头，县住房和城乡建设局、县扶贫办、县信访局配合的工作组，对您反映的问题进行调查核实并给于解释答复，现将有关情况回复如下：经核实，您户于2017年2月30日建房，2017年11月完工，房子结构为两层砖混结构（小砖），建房面积190㎡。您户为非建档立卡户，属于2016年1月1日—2017年4月30日期间的建房农户。期间，小勐统镇共建房（拆除重建）2242户，按照永办发〔2016〕12号文件应发放建房补助资金8968万元，实际到位补助资金2781.706万元。小勐镇严格执行文件规定，按照农户施工进度（一层封顶）发放建房补助资金，截止2018年3月30日，共计发放补助资金34次，共发放补助资金2793.99万元（其中12.284万元属于小勐统镇镇政府自筹资金）。但非建档立卡户只发放过一次补助资金，发放时间为2016年4月13日，共发放了206户320万元，由于您户于2017年2月30日动工，小勐统镇2016年4月13日发放非建档立卡户建房补助资金时还没有动工，因此您户没有领取到补助资金。目前，您户的建房信息已在小勐统镇村镇建设规划服务中心登记造册，待再次拨付2016年非建档立卡户补助资金时，小勐统镇将及时给您发放。感谢您对我们工作的理解和支持，祝您身体健康、生活愉快!,回复时间：2019-06-05 11:31
种植项目,已办理,三农 咨询,W***,2019-04-2916:27,地方种植中草药有补贴政策吗？我想种植金线莲，白芨。,中共永德县委书记宋正垠 ,网民朋友：您好！您通过人民网地方领导留言板给我的留言已收悉。永德县委、政府高度重视，已责成县地方产业发展服务中心对您反映的问题进行落实、解决，现将有关情况回复如下：目前，我县中药材种植面积32550亩，品种有龙胆草、续断、白芨、黄精、红花、金铁锁、三七、重楼、天冬、党参等10余个品种。2017年以前，县生物产业主管部门先后对我县的永德康伟药材有限责任公司、永德县溢康生物科技有限公司给予过一定的资金配套扶持，但从2018年至今，县生物产业管理部门已经没有具体的扶持项目和资金补助。2019年3月，县发展生物产业办公室撤并到县地方产业发展服务中心，目前由于机构改革，还需进一步明确职能职责后具体指定对应的职责部门进行落实。关于您想种植的金线莲和白芨药材，目前，我县已规模种植白芨面积3700亩，其中：勐板乡2200亩，大雪山乡1500亩，小勐统镇等其他乡镇也有零星种植，经查看国内外中药材产销信息，近一年来价格下跌幅度较大。金线莲我县目前还没有统计过种植面积，不清楚是否有零星种植，且县内资深中药专家称，目前永德境内还没有普查到野生的金线莲，只普查到有点相似的班叶兰。所以，对白芨和金线莲两个中药材的发展，建议您再作市场调研、再作可行性论证。同时，也希望你随时与县地方产业发展服务中心保持联系，尽量为您提供服务。如果以后县地方产业发展服务中心有中药材种植扶持方面的项目，会酌情优先对您遴选。也请您具备下列最基本的申报条件:1.通过村级、乡镇级、县级进入项目库。2.依托有齐全证照的中药材企业申报。3.项目必须达到相应的规模，上级项目资金只是辅助配套，主体资金还需要自身筹集。如您还有什么疑问，可拨打县地方产业发展服务中心电话进行咨询。联系电话：0883—5221087感谢您对我们工作的理解和支持，祝您身体健康、生活愉快!,回复时间：2019-05-09 13:16
公租房下水道漏水,已办理,城建 投诉,l***,2019-03-2610:13,敬爱的书记，您好！感谢您在百忙之中能仔细阅读我的求助！我居住在永德公租房42栋15-8，我居住的房子卫生间下水道漏水，已多次向物业公司反映，始终得不到解决，已经严重影响我的生活。,中共永德县委书记宋正垠,网民朋友：您好！　　您通过人民网地方领导留言板给我的留言已收悉。永德县委、政府高度重视，已责成县住建局牵头，德党镇、县信访局配合，迅速对您反映的情况进行调查核实，现将有关情况回复如下：2019年4月1日，我县住建局安排工作人员到您住的42栋15-8号进行实地核实查看，经核查，您所住房号的卫生间下水道确实存在浸水情况。工作人员现场向您作解释说明当前我县在公祖房管理中遇到的困难和问题，望您给予谅解，同时给您答复将在一周内修复管道解决浸水问题。下步工作中，我县将高度重视，加强物业管理，抓好浸水、漏水问题的维修协调和落实，提高公租房小区住户的满意度。感谢您对我们工作的理解和支持，祝您身体健康、工作顺利！,回复时间：2019-04-03 17:12
关于公租房总是停水的问题,已办理,城建 求助,没***,2019-03-1509:01,敬爱的书记，您好！感谢您在百忙之中能仔细阅读我的求助！我是一名离家在外工作的孩子，居住在永德公租房10栋二单元，不知道是何原因，我们这栋隔三差五的停水，一停就是一两个星期，来个三五天又停，停水也没有通知！打电话给物业公司，物业答复是永德水厂维修水管，打电话给水厂，水厂回复不清楚、不知道！我已不知道该向什么部门反应该情况！在去年我已在留言上反应过该问题，得到答复后用水正常了，可2019年以来又频繁出现断水，我们又重新过上了每天提水上楼的日子！我想提升人均居住环境不仅仅是城市的美丽建设，更应该是基础设施的完善和居民基本生活条件的保障！希望您能在百忙之中帮我们广大住户彻底解决一下这个困扰生活的问题！,中共永德县委书记宋正垠,网民朋友：您好！　　    您通过人民网地方领导留言板给我的留言已收悉。永德县委、政府高度重视，已责成县住建局牵头，县水务局等相关部门配合，迅速对你反映的情况进行调查核实，现就有关情况回复如下：    经核实，您所反映的公租房停水一事情况属实。    一、供水不足原因    一是由于松山龙洞应急水源点常年供应忙见田村忙见田上下组、大田组、大地组、安排田组等居民人蓄饮水和林化厂、公租房片区的居民生活用水，水源点没有统一规划、集中管理，各村自行铺设管道、挖沟放水。因受季节影响，每年2、3月份水源点出水流量较小，用水者存在相互争抢用水的情况。二是由于永糖集团停产，导致负责公租房片区供水管理的永德康伟水业有限公司管理不善，人心涣散，无能力投入资金改善供水管网，无科学有效进行管理。    二、采取的措施    一是在公租房区域内，采取逐栋供水、分片区供水的方式，通过每天逐栋号排查，把蓄水池有水的栋号水阀关闭，对当天排查出来缺水或蓄水池水少的栋号进行优先供水，有效缓解住户缺水压力。二是责成永德康伟水业有限公司加强管理，对供水管网老化，跑冒滴漏问题进行处理。三是指定专人经常到松山龙洞应急水源点，督促和协助永德康伟水业有限公司维护进水沟渠，守护抽水站抽水。    下步工作中，政府将加快对永德康伟水业有限公司的收购重组工作，注资对老化、损坏的管网及净水厂进行整改处理，确保饮水安全。感谢您对我们工作的理解和支持，祝您身体健康、工作顺利！,回复时间：2019-03-19 11:37
甘蔗款问题,已办理,三农 求助,L***,2019-03-0913:43,县委书记你好我是朝阳大新寨的村民，我家15年16年的甘蔗款拖欠着，单据之类的都在着，想问一下什么时候能发放剩余蔗款。现在自己还生病急需用钱，没办法了。,中共永德县委书记宋正垠,网民朋友：您好！　　您通过人民网地方领导留言板给我的留言已收悉。永德县委、政府高度重视，已责成永康镇牵头，县信访局等相关部门配合，迅速对您反映的情况进行调查核实，现就有关情况回复如下：经核实，您所反映的情况属实。针对您反映的情况，永康镇于2019年3月20日，安排永康镇纪委书记周强同志（朝阳村挂钩领导）和纪委副书记岩文华同志到您家进行调查了解并给予答复解释。如果您还有什么疑问，请您与永康镇进行联系。联系电话：0883—5811733。感谢您对我们工作的理解和支持，祝您身体健康、工作顺利！,回复时间：2019-04-03 17:13
建设《扶贫》咨询,已办理,三农 建言,乌***,2019-03-0315:39,尊敬的宋书记你好！我们是乌木龙小村保德田自然村村民，全体村民向宋书记了解两个问题，一是修路政府扶持资金每公里是多少？二是被扶贫人名单是否可以公开？,中共永德县委书记宋正垠,网民朋友：您好！　　您通过人民网地方领导留言板给我的留言已收悉。永德县委、政府高度重视，已责成乌木龙乡牵头，县交通运输局、县财政局、县扶贫办、县信访局配合，迅速对您反映的情况进行调查核实，现就有关情况回复如下：一、关于您反映的“修路政府扶持资金每公里是多少”的问题。2018年10月，您村由村民会议提出以群众集资的方式，以“一事一议”方式新开挖一条约9公里的园林土路，资金来源为受益群众每户出资500元。2018年10月15日，小村村民委员会按程序召开群众会议，并签字按手印通过。该条道路建设不涉及政府扶持。2019年3月19日，乌木龙乡党委、政府成立了工作组，到您村召开群众会议进行答复，群众对答复无意见。二、关于您反映的“被扶贫人员名单是否可以公开”的问题。自开展脱贫攻坚工作以来，乌木龙乡严格按“三评四定”“两公示一公告”规定程序对每次涉及新识别或脱贫退出农户进行公示，村民无异议后才最终确定。实施的所有扶贫项目，开工前、完工后、资金拨付前、资金拨付后都进行公示，公示地点为乡、村、自然村三级，扶贫过程全公开、透明，相关资料可查询。2019年3月19日，乌木龙乡党委、政府成立了工作组，到您村召开群众会议进行答复，群众无异议。感谢您对我们工作的理解和支持，祝您身体健康、工作顺利！,回复时间：2019-04-03 17:15
危旧房改造重建抗震安居工程补助款求助,已办理,城建 求助,1***,2019-02-0914:06,尊敬的书记你好。我是小勐镇湾甸村村民，于2016年3月2日向住建部递交危房改造相关资料。至2016年4月1日开工建房至2017年2月份建好，在这期我东拼西凑向银行贷款。到19年这期间我没有拿到一分补助款，2016年4月份打的这次款也设有我的，问题是我们这里，有好多户是在我后开工建房的，都有打到1至2万元的，确设有我的16年5月份我去住建部咨询查看民册信息是否错误，本人信息是正确的，住建部给我的回复是(款没有下来，是打错了，不是这个款)。全镇打了300多户能错吗就是这样忽悠我的。请求书记帮查征询问下谢谢。,中共永德县委书记宋正垠,网民朋友：您好！您通过人民网地方领导留言板给我的留言已收悉。永德县委、政府高度重视，已责成小勐统镇牵头，县住建局配合，迅速对您反映的诉求问题进行调查核实，现将有关情况回复如下：经核实，您所反映的诉求问题属实。您户为非建档立卡户，于2016年4月1日开工建房，属于2016年1月1日至2017年4月30日期间的建房农户。根据永办发〔2016〕12号文件关于“2016年1月1日至2017年12月31日实施的建房户，每户补助4万元，采取按工程进度分三年（2万、1万、1万）分期兑付的方式给予补助”的补助标准。小勐统镇第一次发放补助资金时间为2016年4月13日，截止2018年3月30日共发放34次补助资金。由于您户房屋建设于2016年4月1日开工，按照农户施工进度（一层封顶）发放建房补助资金，当时您户的建房进度没有达到发放补助的施工进度，因此没有给您户发放补助资金。后因政策调整，按照永脱指发〔2017〕5号文件相关规定，小勐统镇非建档立卡户的建房补助资金于2016年4月13日发放了206户320万元后就再也没有发放，致使您户至今仍没领到建房补助。按照每户4万元标准进行补助，2016年和2017年全县实施的25502户建房户，目前未兑现农户补助资金3.9亿元。下步工作中，我县将积极向上级汇报争取建房补助资金支持，财政部门按照融资贷款、整合涉农资金等多种方式，积极筹措资金，确保农村危房改造政策有效落实。感谢您对我县工作的支持与理解，祝您身体健康、生活愉快！,回复时间：2019-02-19 15:21
关于小勐统镇半坡村段至永甸村段县级路面问题,已办理,交通 咨询,难***,2019-02-0511:23,尊敬的领导：您好！我是小勐统镇木瓜河村的一名村民，想向您咨询一下关于小勐统镇半坡村至永甸村县级路面修善的问题。该路段自建成弹石路面以来，历经风雨，如今几乎惨不忍睹，眼看其他村几年来村建制硬板路都规划建成了，该段路面为县级路却迟迟没有处理改善，地方百姓的出行都严重受到影响。说句实话，现在拖拉机通过都能刮擦到底盘，地方百姓一提到该路段都苦不堪言，无奈家与赖以生存的土地都在这里，只能一直忍受着。望领导查阅，我代该路段的百姓谢谢您！,中共永德县委书记宋正垠,网民朋友:您好！您通过人民网地方领导留言板给我的留言已收悉。永德县委、政府高度重视，已责成县交通运输局牵头，相关部门配合，迅速调查核实，现将有关情况回复如下：经核查，小勐统镇半坡至永甸公路为我县县道XS76530923：链天线，该路段在库里程为43.529公里（经县交通运输局实地勘察需修缮里程为15.6公里），起点：链子桥，止点：半坡，路面为弹石路面。近年来，在县级财政压力非常大的情况下，仍拿出部分资金对全县损毁道路进行维护，但我县财政困难，全县道路硬化所需建设资金较大，此路段由于修建年限长，加之历年水毁严重，出现了不通畅现象。目前，我县已将该路段列入“2016年—2020年”规划项目库，按县道改造标准水泥混凝土路面硬化，估算投资3432万元。下步工作中，县委、政府将加强与省市交通部门汇报衔接，积极争取项目资金支持，早日实现开工建设，全力改善群众交通出行条件。如您对回复有什么疑义，请与县交通运输局联系。联系电话： 0883-5211329。感谢您对我县工作的支持与理解，祝您身体健康、生活愉快！ ,回复时间：2019-02-19 15:20
事业人员,已办理,政务 建言,A***,2019-01-2922:51,尊敬的宋书记：    您好，我原是永德某县直部门下属股所级事业单位负责人，后经组织推荐到某乡镇任副乡镇长，2010年底受政策影响被清退回某县直部门下属股所级事业单位任负责人（保留副科级领导职务待遇），几年后组织部门进行人事任免，免去我股所级事业单位负责人职务，任命我为“永德县某单位保留事业副科级领导职务待遇干部”，像我这样的情况在永德县其他县直部门下属的事业单位也有。现在全国机构改革工作正在进行，根据已出台的中央和省级改革方案，此次机构改革有一部分事业人员可以转为公务员，在此请宋书记您帮忙考虑一下能否将我这种情况的人在此次我县机构改革中转为公务员。,中共永德县委书记宋正垠,网民同志：您好！     您通过人民网《地方领导留言板》给我的留言已收悉，县委，政府高度重视，已责成县委组织部迅速对你所反映的诉求问题进行调查核实和处理。现将有关情况回复如下：    根据省级、市级机构改革方案，目前，我县的《永德县深化机构改革实施方案》已经十三届县委五次全会审议通过，现在正报上级编制部门审批中，关于机构改革人员划转问题，待下步具体的机构改革实施方案和部门机构三定方案确定后，将严格按照上级有关机构改革的要求，依法依规管理，按章依标操作。    感谢您对我县工作的支持与理解，祝您身体健康、生活愉快！,回复时间：2019-02-01 12:06
职务（级）咨询,已办理,就业 咨询,A***,2019-01-2313:35,尊敬的宋书记：    你好，咨询下“任永德县XXX局保留事业副科级领导职务待遇干部”这是一种什么职务，是实质事业副科吗，还是只是类似于公务员中的副主任科员。如有打扰，敬请谅解！,中共永德县委书记宋正垠,网民同志：您好！     您通过人民网《地方领导留言板》给我的留言已收悉，县委，政府高度重视，已责成县委组织部迅速对你所反映的诉求问题进行调查核实和处理。现将有关情况回复如下：    2010年根据《公务员法》的有关规定和上级的有关要求，我县对由事业干部提拔担任行政机关领导人员进行了清理规范，涉及对象按要求安排到相关的事业单位工作，保留事业副科领导待遇有利于任职资格的连续和工作开展。事业单位的领导职务设置和行政单位的领导职务设置，相关规定有明确要求，公务员中可以设主任科员、副主任科员等非领导职务名称。    感谢您对我县工作的支持与理解，祝您身体健康、生活愉快！ ,回复时间：2019-02-01 11:59
建档立卡贫困户,已办理,政务 咨询,W***,2019-01-1716:45,我们是建档立卡贫困户，因缺土地2016年进入贫困户，因搬迁建房，政府说补贴四万元，办理了相关手续，建房已经四年，至今才拿了两万元，剩余两万一直没有给，为了盖好这一间房子已经负债累累，家里老人体弱多病，孩子又还小，希望上级领导，给想想办法。,中共永德县委书记宋正垠,网民同志：您好！ 您通过人民网《地方领导留言板》给我的留言已收悉，县委，政府高度重视，已责成县住建局牵头，相关部门配合，迅速对您反映的诉求问题进行调查核实。现将有关情况回复如下：由于我县2016年1月至2017年4月期间，对全县农村危房改造和安居工程建设资金补助范围过宽、补助标准过高，资金兑付不到位，将未列入省级易地扶贫搬迁三年行动计划的建档立卡贫困户、省级沿边三年行动计划的危房改造纳入补助范围，补助资金标准从每户2万元提高到每户4万元，按照每户4万元标准进行补助。2016年和2017年实施的25502户建房户，与市级补助标准相比增加了5.1亿元，目前未兑现农户补助资金3.9亿元。针对以上存在的问题，我县积极采取有效的解决措施，按照2016年1月1日以前、2016年1月1日至2017年4月30日、2017年4月30日以后三个时间段，全面排查核准不同时间段的农村危房改造农户花名册，核清应兑付资金、已兑付资金及未兑付资金情况，确保农村危房改造政策有效落实。下步工作中，我县将积极争取未到位的6605.39万元4类重点对象省级补助资金，并积极向上级汇报争取对我县非4类重点对象的资金支持。同时，财政部门按照融资贷款、整合涉农资金等多种方式，积极筹措资金，确保2019年3月底解决部分农户建房补助，工作取得初步成效。感谢您对我县工作的支持与理解，祝您身体健康、生活愉快！  ,回复时间：2019-02-19 15:18
永康农贸市场内长期停水,已办理,城建 投诉,张***,2018-11-2516:10,永康镇 农贸市场里面 长期停水 几个月没来一滴水 叫我们这些人怎么生活  生活用水 煮饭吃的水都没有 这是永康镇？,中共永德县委书记宋正垠,网友同志：您好！ 您通过人民网《地方领导留言板》给我的留言已收悉，针对您反映的“永康镇农贸市场里面长期停水”的问题，县委、政府高度重视，已责成永康镇迅速进行调查核实。现将有关情况回复如下：经调查，您所反映的永康镇农贸市场片区供水不足的问题情况属实，原因为：因水源点出水量逐年减少，导致供水严重不足。同时，因近年来用水户数逐年增加，部分网管腐蚀严重，原有供水源点及网管流水量已不能满足群众的饮水需求。针对供水不足的问题，将采取以下两种方式加以解决：一是采用夜间关闸蓄水（关闸蓄水时间为：每日19时至次日8点）以确保用水高峰期的供水；二是加大维修、巡查力度，对跑、冒、滴漏等问题及时进行处理，并根据不同片区的用水特点，因地制宜调整供水平衡，确保群众基本用水需求。感谢您对我县工作的支持与理解，祝您身体健康、生活愉快！,回复时间：2018-12-07 16:16
永德县公租房小区水质长期恶化,已办理,三农 求助,小***,2018-11-1314:52,我是来自永德县公租房小区的住户，前段时间由于政府的重视，公租房的停水问题终于得到了解决，这一点我们作为住户万分感激政府的关心和帮助，水来了我们很开心，可没想到水源有了，水质却异常恶化。主要表现在水垢较多，每次用水后家里盆里桶里和水杯里都会留下一层白灰，等干了之后更明显，形成一层白垢。不知道是自来水处理得不好还是添加剂添加太多的原因。我觉得这个问题从眼前来看影响不了什么，但长期以往确实会伤害到所有住户的身体健康，希望能帮我们向有关部门反映采取相应措施改善水质，提升居民生活和健康水平。,中共永德县委书记宋正垠,网友同志：您好！ 您通过人民网《地方领导留言板》给我的留言已收悉，针对您反映的“永德县公租房小区水质长期恶化”的问题，县委、政府高度重视，已责成县住建局牵头，县卫计局、县环保局配合，迅速进行调查核实。现将有关情况回复如下：目前，我县公租房片区供水主要由永德康伟水业有限公司负责，根据永德康伟水业有限公司2018年1至10月份送检的水源水水质及网管末梢水水质检测报告，送检水质均为合格，水质总硬度不超标。为确保公租房片区等群众供水正常、安全，下步将对老化、损坏的设备及管网进行更换，同时对净水厂进行整改。感谢您对我县工作的支持与理解，祝您身体健康、生活愉快！,回复时间：2018-11-20 09:57
永康镇忙况村新寨路况问题,已办理,交通 求助,水***,2018-11-0713:10,尊敬的领导：    您好！    在党和政府的共同领导下，人民的生活环境越来越好，就拿最重要的道路来说吧，现在无论乡镇还是农村，到哪里基本都是硬化路，给人们的出行以及生活带来了极大的便利。作为一个永德人我真的感到骄傲。可又有谁会想到，到现在为止永德县永康镇忙况村新寨组134户村民日日夜夜行走的路，还是坑坑洼洼，泥泞不堪，路面狭窄的土路呢。当地村民出行得依据天气情况，因为如果雨水天气出门，路滑还是小事，最担心的就是路面坍塌以及必经的两条河河水涨（河上没有桥，河面又很宽村民也无法自行搭桥）。所以雨季是所有村民最无奈的季节。这不仅给当地人的出行带来极大的不便，也对他们的生产生活造成极大的不利影响。农村都是靠种植粮食以及蓄养牲畜过活的，可是一到雨季，村民们的很多东西都卖不出去，即使卖出去了，同样的东西也会大大贬值，不是东西不值那个价，而是没多少人愿意到这来。所以村民只能把好东西贱卖。这样让农户怎么奔小康。不知道这是第几次听到这样的消息了，村民们辛辛苦苦喂养的胖猪，因为路烂导致很多的胖猪卖不出去，可是喂胖猪是需要饲料和粮食的，粮食倒是大多数人家都可以自给自足，而一袋饲料至少都要200元以上，胖了还卖不出去，村民只能无奈的继续喂，但是喂的时间越长就意味着村民只会越亏。可是又有什么办法呢？明知亏还是得硬着头皮喂。有些实在撑不下去的人家，索性把原本已经喂胖的猪活活饿成瘦猪。这让农民如何奔小康？？？我不知道各位领导在看到这些的时候心情怎样。但我真的很痛心，当地村民个个扪心自问没有干过什么伤天害理的坏事，为什么要遭这样的罪？忙况村一共21个自然组，唯独新寨组被孤立，其他有些自然组的道路是土路变水泥路，水泥路变柏油路，而新寨自然组的路盼了一年又一年还是那个差到不能再差的土路。路况差有目共睹，去过的人恐怕不愿再去第二次，然而到目前为止，如此之差的道路无人问津，无人关怀，真的深深刺痛了农民们的心。每每村里人在谈到道路问题时，那种不谋而合的无奈和绝望都形于色。政府的宗旨是“为人民服务”它不该被某些心怀不轨的人曲解利用，国家政策也应该被落到实处。新寨自然组如此之差的道路给当地人带来了极大的不便，希望政府能够引起重视，并责成相关部门牵头把国家政策落到实处，也希望政府能够组织有关部门到当地实地考察，给村民们一个交代，让村民们也能有一条走出村寨的硬化路，让村民们早日踏上舒心幸福路。以上所述均为事实，期待您的回复！,中共永德县委书记宋正垠,网友同志：您好！ 您通过人民网《地方领导留言板》给我的留言已收悉，针对您反映的忙况村新寨组村组道路出行难的问题，县委、政府高度重视，已责成永康镇牵头，县交通运输局配合，于2018年11月23日对您反映的问题进行调查核实。现将有关情况回复如下：经查，忙况村委会至新寨自然村的村组道路等级属土路，由于此路路线较长，地理地形条件差，横跨两条河沟，硬化工作投资数额大，加之永康镇需要建设的村组道路点多面广，目前没有项目支撑，靠永康镇镇政府自身和群众力量无法解决，需要依靠项目实施解决。目前，永康镇已将忙况村至新寨自然村的村组道路硬化工作纳入“十三五”规划，并于2018年11月2日协调资金对新寨自然村村组道路路面进行修复，保障道路通畅。同时，永康镇将积极协调县交通运输局给予提前实施忙况村新寨自然村的村组道路硬化项目。感谢您对我县工作的支持与理解，祝您身体健康、生活愉快！,回复时间：2018-11-27 10:43
崇岗乡天生桥饮用水质量问题,已办理,三农 建言,崇***,2018-11-0517:02,在党和政府的正确领导下，崇岗乡天生桥人民生活水平有了很大的提高，家家户户接通了自来水；但是天生桥一带、歇马场、大红山片区自来水来自南把河（又名响水河），河流附近的农民都知道该河水水垢很重（硬度太大）河水里面的树枝都结了厚厚的一层水垢，不适于作为饮用水。但是目前为止，天生桥一带所有政府部门、学校、农民全部喝着来自这条河的水。自该地区接通该自来水以后，出现结石的人越来越多，和自来水水质有着很大的关系，因此有些经济条件允许的农户、政府机关人员已经自行安装了自来水软化过滤器或者购买桶装水作为饮用水，可是很多农民并不具备这种经济能力和知识。为了广大人民群众的饮用水安全和健康，在此恳请政府领导，尽快改善该地区饮用水来源，或者为该地区人民增设水质软化处理设施，保证人民群众的生命安全！,中共永德县委书记宋正垠,网友同志：您好！ 您通过人民网《地方领导留言板》给我的留言已收悉，针对您反映的问题，县委、政府高度重视，已责成崇岗乡牵头，相关部门配合，迅速进行调查核实。调查核实情况为：永德县疾病预防控制中心对该水源点水质进行检测，并出示了检验报告。根据检验报告显示该水源水质总硬度检测值为121㎎/L，限值为550㎎/L，单项判定结果为合格。感谢您对我县工作的支持与理解，祝您身体健康、生活愉快！,回复时间：2018-11-14 10:54
路面常年积水，就在家门口,已办理,交通 求助,云***,2018-09-0809:03,书记您好，我是小勐统镇麻栎树村村民，我家在麻栎树村村委会旁边，我家门口道路是小勐统至班老至永镇桥（河小段大花桥村内），门口路面坑坑洼洼常年积水，小轿车通行基本就擦到地盘，村里排水排污没有下水道或者沟渠，就往路面上流。而且路面就在村委会门口。长年累月都是这样，这久雨季更是严重。其实组织村里几十个人，挖挖补补，疏通一下排水就可以。但是几年了都没有人处理，没有人组织。还望书记帮忙，帮助我们村出行带来便利。,中共永德县委书记宋正垠,网民同志：您好！ 您通过人民网《地方领导留言板》给我的留言已收悉，县委，政府高度重视，已责成小勐统镇牵头，县交通运输局配合，迅速对你所反映的诉求问题进行调查核实和处理。现将有关情况回复如下：经核实，麻栎树村委会门口，即小勐统村至班老至永镇桥（河小段大花桥村内）路面确实存在常年积水，通行不方便的问题，主要原因为该路段内排水设施不完善。虽小勐统镇多次对该路段进行路面修复，但近期遇到强降雨，雨水增多，排水系统无法正常运转，导致路面坑洼不平，给群众出行带来不便。目前，正在实施永南公路线四级路改三级路建设工程，该段损毁路段属于永南公路线施工项目的一部分。在下部工作中，小勐统镇将督促施工方做好该路段的路面及排水设施修建工作，同时也将组织人员先对该路段作填补处理。 感谢您对我县工作的支持与理解，祝您身体健康、生活愉快！,回复时间：2018-10-11 15:08
永德县小勐统镇苏家寨7组用水问题咨询,已办理,三农 咨询,蘑***,2018-08-0820:06,尊敬的书记，您好，我是小勐统镇苏家寨的高家洼7组村民，由于我们在的地方，地理位置不好，一直以来，都不能保证日常的生活用水，村里拉的大管水，我们从来不得喝，平时生活用水都是通过去山上拉自来水，或去井里挑，到干旱时节，山上也没有水，村里统一拉的自来水就是刚开始的时候能喝，最近几年都没有水，也没人来管，喝水问题一直以来都在困扰着我们，希望书记给予解决。特此为谢。,中共永德县委书记宋正垠,网民朋友：你好！　　    你通过人民网地方领导留言板给我的留言已收悉。县委、政府高度重视，已责成小勐统镇牵头、县水务局配合，对你反映的问题进行调查核实，现就有关情况回复如下：    小勐统镇于2018年8月14日成立核查工作组深入苏家寨高家洼七组进行实地详细调查。经查，苏家寨七组已实施人畜饮水建设工程，但因七组所处地理位置高于小勐统镇集镇供水处理池，且管线较长，部分水管陈旧，在水源枯竭期，供水管道水压不足，导致群众用水困难。    目前，小勐统镇已进行项目规划，将对整条管线进行排查维护，并在水源点900米处征收土地1.2亩，计划投资20万元建设新水源处理池。项目完成后可解决七组群众用水困难的问题。    感谢你的来信，望你能理解和支持。,回复时间：2018-08-20 18:03
下乡补贴咨询,已办理,其他 咨询,滇***,2018-06-3008:27,尊敬的书记，您好！我是永德县永德电视台一名记者，我们单位自从去年6月份开始就没有任何下乡补贴了，每次下乡我们都兢兢业业把工作完成，很多时候都没有节假日，每次下乡同行的人就我们没有任何补贴，有时候又不得不交伙食费，本着爱岗敬业的态度我们都没有多说，但是大家都有点难以接受，感谢领导在百忙之中抽空听听我们的倾诉，谢谢了！,中共永德县委书记徐亚谦,"网民朋友：你好！　　    你通过人民网地方领导留言板给我的留言已收悉。县委、政府高度重视，已责成县文体广电旅游局对你反映的问题进行核实，现就有关情况回复如下：    县文体广电旅游局共有16个股室、部门，有干部职工102人，其中：在编职工78人,临时聘用人员25人。2017年公用经费预算26万元，用于电视台支出19.8万元，其中：用于电视台劳务费12万元，1-5月份出差费6.3万元，油费1.5万元，其余6万多元用于其它股室部门公务开支。由于县文体广电旅游局财务运转困难，从2017年6月至今，全局都未支付职工差旅费，请你给予理解和支持。",回复时间：2018-07-13 18:06
永德县德党镇公租房停水问题何时能够得到解决,已办理,城建 投诉,关***,2018-05-1911:02,徐书记您好，我是住在永德县德党镇公租房小区的住户。公租房自今年以来就断断续续停水，二月中旬至三月份一天都没有来过水，后来开始施工建造蓄水池，四月份开始来水了，还来不了几天又停了，现在已经马上五月底了，将近半年的时间，停水问题根本没有得到解决。我与众多邻居都到物业与水厂进行反映，得到的结果就是修水管，水压不够，水厂断水等原因。之前也有很多住户进行反映，我也看见了你们的答复，但是为什么采取了相应的措施这个问题依然得不到解决。之前还可以听过四处提水来解决自己的基本生活问题，先不说提水的困难、费时，现在连提水都成了问题，说通俗一点，没有水，基本的洗脸、上厕所都成了一个非常困难的问题。如果换做是你们，长達几个月处于这样的状态当中，你们会怎么办。停水问他不仅仅影响了生活问题，一定程度上还影响了我们的工作，长期以来，公租房小区住户基本生活用水得不到保障，希望有关党委政府能够真正重视这个问题，并且能够及时有效的尽快解决这个问题。我们支持政府的工作，也希望政府能够解决我们的基本生活问题。谢谢。,中共永德县委书记徐亚谦,网民朋友：您好！　　        你通过人民网地方领导留言板给我的留言已收悉。我已责成县政府分管领导统筹，县住建局牵头，县水务局、德党镇配合，尽快制定解决缺水问题工作方案，尽快从源头上解决缺水问题，现就有关情况回复如下：        一、供水不足原因        公租房片区供水由永德康伟水业有限公司负责，供水点为松山龙洞应急水源点，该水源点同时供应忙见田村忙见田上下组、大田组、大地组、安排田组等居民人畜饮水和林化厂用水，供水不足的原因为：一是由于季节性原因，水流量比2017年减小。二是存在水源点没有统一规划、集中管理，由各村组自行铺设管道、挖沟放水，永德康伟水业有限公司虽然在龙洞旁边设有一个自动抽水站，但与村组、水库之间存在你挡我放、相互争抢用水量的情况，公司只能根据来水量进行抽水，故而在水量少时影响到抽水站正常抽水供应林化厂至公租房片区的用水。三是由于永德县糖业集团停产，导致其下属公司永德康伟水业有限公司无能力投入资金改善供水管网，造成供水不正常。四是供水管网老化，跑冒滴漏问题突出。五是随着县城建设不断发展，供水覆盖范围增加，取水开口和用水量不断增大，市政供水管网的水压不断减小。        二、处理措施        自3月份出现供水不足后，县住建局及时与县水务局、德党镇共同研究解决办法，并不断催促永德康伟水业有限公司解决公租房供水不足的问题，并想方设法协助、配合永德康伟水业有限公司解决应急水源的供水事宜。一是于2018年3月15日与德党镇、忙见田村委会、永德康伟水业有限公司，查看松山龙洞应急水源供水情况，共同协调处理供水问题。为保障公租房用水，县住建局帮助忙见田村涉及村组，采用钢塑管铺设松山龙洞口到忙见田村移民点后面的水管线，总长2160米。通过改善忙见田村涉及村组饮用水管线，满足供应居民的饮用水后，永德康伟水业有限公司开始抽水供应林化厂至公租房片区的用水。二是为防止季节性缺水，保障公租房全面供水，县住建局提前计划，对15、16、17、21、47、49、51、52、35、37、38、39、41、42共14栋高层建筑和43、45A两幢地势较高的多层建筑，分为三个片区实施二次变频供水系统建设，并于2018年2月28日开工，通过采取分区、分时段进行逐步建设，目前三个片区已全部竣工，可以运行。三是责成康伟水业有限公司加强管理，对供水管网老化，跑冒滴漏问题进行处理。四是自3月份开始，县住建局派专人到松山龙洞应急水源点，督促和协助永德康伟水业有限公司维护进水沟渠，守护抽水站抽水。五是在公租房区域内，采取逐栋供水、分片区供水的方式，通过每天逐栋号排查，把蓄水池有水的栋号水阀关闭，对当天排查出来缺水或蓄水池水少的栋号进行优先供水，及时有效缓解了部分住户缺水的压力。        目前县政府已着手对永德康伟水业有限公司进行收购重组，计划注资对老化、损坏及净水厂进行整改、确保饮水安全。,回复时间：2018-05-31 15:22
公租房小区长期停水问题,已办理,其他 求助,小***,2018-05-0309:07,徐书记你好，我家居住在永德县公租房小区42幢，小区从3月份开始就一直处于停水状态，持续两个多月，造成居民生活十分不便。我与邻居们都试图与公租房小区物业管理公司、自来水厂部门沟通多次，部门工作人员之间相互推诿，每次得到的回答都是自来水厂断水、小区水管炸裂、水压不够等原因，可直到现在五月初，小区的供水也处于不正常状态，居民们都基本靠四处提水来解决用水需求，而同城的其他小区都供水正常。希望您能够关注这个问题，解决我们居民的用水问题，这样才能够有效提升城市居民的生活幸福指数。,中共永德县委书记徐亚谦,网民朋友：你好！　　    你通过人民网地方领导留言板给我的留言已收悉。永德县委、政府高度重视，已责成县住建局牵头，县水务局等相关部门配合，迅速调查核实，现就有关情况回复如下：    一、供水不足原因    一是由于水源点没有统一规划、集中管理，都是各村组自行铺设管道、挖沟放水，因受季节影响，水流量比2017年减小，导致你挡我放、相互争抢用水。二是由于永德县糖业集团停产，导致负责该片区（公租房）供水管理的永德康伟水业有限公司管理不善，人心涣散，无能力投入资金改善供水管网。    二、处理措施    自3月份出现供水不足以来，我县采取多方举措，不断催促永德康伟水业有限公司，帮助解决公租房供水不足的问题，同时，想方设法协助、配合永德康伟水业有限公司解决应急水源的供水事宜：一是于2018年3月15日，与德党镇、忙见田村委会、永德康伟水业有限公司，查看松山龙洞应急水源供水情况，共同协调处理供水问题。为保障公租房用水，我县先帮助与公租房同用水的忙见田村委会涉及村组，采用钢塑管铺设松山龙洞口到忙见田村委会移民点后面的水管线，总长2160米，完成投资4.095万元。通过改善忙见田村委会涉及村组饮用水管线，满足供应居民的饮用水后，永德康伟水业有限公司也开始抽水供应公租房片区的用水。    二是为防止季节性缺水，保障公租房全面供水，我县提前计划，对15、16、17、21、47、49、51、52、35、37、38、39、41、42共14栋高层建筑和43、45A两幢地势较高的多层建筑，分为三个片区实施二次变频供水系统建设。并于2018年2月28日开工，通过采取分区、分时段进行逐步建设，目前三个片区已全部竣工，可以运行，共完成投资96万元。    三是在公租房区域内，采取逐栋供水、分片区供水的方式，通过每天逐栋号排查，把蓄水池有水的栋号水阀关闭，对当天排查出来缺水或蓄水池水少的栋号进行优先供水，有效缓解部分住户缺水压力。下步工作中，我县将加快对永德康伟水业有限公司的收购重组，计划注资对老化、损坏及净水厂进行整改、确保饮水安全。    感谢您对我们工作的理解和支持，祝您身体健康、工作顺利！,回复时间：2018-05-15 17:45
关于永德县公租房不来水的问题,已办理,其他 求助,没***,2018-05-0309:07,您好！我是永德县公租房小区的一名住户，该小区已经连续两个多月处于停水状态，居民都在提水来解决用水问题，生活苦不堪言。已经多次与小区物业公司和自来水公司打电话进行沟通，多个部门都是相互推诿，没有实质解决停水问题！物业和自来水公司有没有上级监管部门呢？这个问题大家相互推诿，苦了小区居民！我想提升人均居住环境不仅仅在于环境的美化，更在于城市基础设施的完善！希望您能在帮忙解决一下这个停水的问题！,中共永德县委书记徐亚谦,网民朋友：你好！　　    你通过人民网地方领导留言板给我的留言已收悉。永德县委、政府高度重视，已责成县住建局牵头，县水务局等相关部门配合，迅速调查核实，现就有关情况回复如下：    一、供水不足原因    一是由于水源点没有统一规划、集中管理，都是各村组自行铺设管道、挖沟放水，因受季节影响，水流量比2017年减小，导致你挡我放、相互争抢用水。二是由于永德县糖业集团停产，导致负责该片区（公租房）供水管理的永德康伟水业有限公司管理不善，人心涣散，无能力投入资金改善供水管网。    二、处理措施    自3月份出现供水不足以来，我县采取多方举措，不断催促永德康伟水业有限公司，帮助解决公租房供水不足的问题，同时，想方设法协助、配合永德康伟水业有限公司解决应急水源的供水事宜：一是于2018年3月15日，与德党镇、忙见田村委会、永德康伟水业有限公司，查看松山龙洞应急水源供水情况，共同协调处理供水问题。为保障公租房用水，我县先帮助与公租房同用水的忙见田村委会涉及村组，采用钢塑管铺设松山龙洞口到忙见田村委会移民点后面的水管线，总长2160米，完成投资4.095万元。通过改善忙见田村委会涉及村组饮用水管线，满足供应居民的饮用水后，永德康伟水业有限公司也开始抽水供应公租房片区的用水。    二是为防止季节性缺水，保障公租房全面供水，我县提前计划，对15、16、17、21、47、49、51、52、35、37、38、39、41、42共14栋高层建筑和43、45A两幢地势较高的多层建筑，分为三个片区实施二次变频供水系统建设。并于2018年2月28日开工，通过采取分区、分时段进行逐步建设，目前三个片区已全部竣工，可以运行，共完成投资96万元。    三是在公租房区域内，采取逐栋供水、分片区供水的方式，通过每天逐栋号排查，把蓄水池有水的栋号水阀关闭，对当天排查出来缺水或蓄水池水少的栋号进行优先供水，有效缓解部分住户缺水压力。下步工作中，我县将加快对永德康伟水业有限公司的收购重组，计划注资对老化、损坏及净水厂进行整改、确保饮水安全。    感谢您对我们工作的理解和支持，祝您身体健康、工作顺利！,回复时间：2018-05-15 17:46
农村创业小额贷款,已办理,金融 求助,L***,2018-03-2812:55,领导你好！我是一名农民工，一个真正的贫困户！因学致贫，因病致贫我都占了！现在国家政策好支持农民自主创业，我和村里好多户都申请了贷款，准备搞个茶叶初制所，现在除了我所有人的几乎都批下来了，我没有任何不良的信用记录，银行要的材料担保我都有，不知道因为什么没有通过审核？我希望有关部门的领导在对我审核一次，我不想失去一次创业的机会！,中共永德县委书记徐亚谦,网民同志：你好！    你通过人民网《地方领导留言板》给永德县委书记的留言收悉。因您的留言内容不清楚，责任主体不明，又无联系方式，无法交相关责任主体单位处理，请您详解。    祝您身体健康！生活愉快！,回复时间：2018-04-26 11:54
永德乡镇道路,已办理,交通 咨询,匿***,2017-05-1716:44,领导同志，你好！临沧永德小勐统大垭口村委旧街坝村道路确实太烂了，按常理应该早就进行道路硬化，现在还是土路，对比其它县的交通道路情况，确实心寒。希望领导多关心关心本县交通道路情况。,中共永德县委书记徐亚谦,网民朋友：您好！     您通过人民网地方领导留言板给我的留言已收悉。永德县委、政府高度重视，已责成县交通运输局牵头，相关部门配合，进行了调查核实。由于您是匿名留言，基本信息不详，没有联系电话，我们无法准确的为您核实所反映的具体路段。鉴于此，现对您留言回复如下：    经核查，途经旧街坝的道路在我县交通路网里有两条。一条为县道XS76530923：链天线，途经旧街坝的路段里程为43.529公里，起点：链子桥，止点：半坡，路面为砂石路面，未硬化，若按农村公路四级路标准进行水泥混泥土路面硬化，估算投资约3264.675万元；另一条为乡道Y018530923：大垭口线，全线长1.654公里，起点：大垭口村委会，止点：大红山，路面为泥结（级配）碎、砾石路面，若按农村公路四级路标准进行水泥混泥土路面硬化，估算投资约124.05万元。由于我县财政基础薄弱，难以自筹建设资金，只有逐步向上争取项目，依靠上级补助资金进行建设。目前，已将该项目上报上级交通主管部门，并纳入“十三五”规划项目，积极争取项目尽早实施，改善交通出行境况。    请您根据您所反映的路段进行对照，如果您对答复情况有不清楚的地方，可直接与永德县交通运输局联系、咨询。联系电话：0883―5211329。    感谢您对我们工作的支持和理解，祝您生活愉快！身体健康！,回复时间：2017-06-13 15:15
关原农村半脱干部定补规定问题的询问,已办理,其他 咨询,匿***,2017-03-3013:57,敬爱的书记同志:经与别的地区(本省)过去认识的老战友侃闲，他们与我同样当过大队干部，现在月月有补助，依据当的时间长短有不同，但三年五年都有，我到民政办公室问过，他们说永德只补干了十一年以上的，不足十一年一律不补，这是怎么回事，想询问一下。,中共永德县委书记徐亚谦,网民朋友:您好！    您通过人民网地方领导留言板给我的留言已收悉。永德县委、政府高度重视，已责成县委组织部牵头，相关部门配合，进行了调查核实。由于您是匿名留言，基本信息不详，没有联系电话，我们无法准确对您的情况进行核实。鉴于上述情况，现对您留言回复如下：    农村原大队一级部分离职半脱产干部是指在1984年区、乡体制改革前担任过小乡、管理区、小公社、大队正副党支部书记、正副乡长、正副大队长、正副主任、文书等职务的人员。云南省对这部分人员实行定期生活补助的相关政策规定是《关于农村原大队一级部分离职半脱产干部实行定期生活补助办法》（云组发〔1989〕55号）、《云南省贯彻农村离职半脱产干部生活补助办法的实施细则》（云民基字〔1990〕2号）和《关于农村原大队一级部分离职半脱产干部生活补助问题的补充通知》（云民基字〔1991〕12号）。根据以上政策规定享受农村离职半脱产干部生活补助的条件为：（一）1984年撤销人民公社、设区建乡的农村体制改革以前，在小乡、人民公社管理区、小公社、人民公社大队担任正副党支部书记、正副乡长、正副大队长、正副主任和文书职务；（二）累计任职时间在11年以上，任职时领取国家补助的半脱产干部，现在健在的；（三）男年满55周岁，女年满50周岁。    享受农村离职半脱产干部生活补助费的标准为：（一）任职11年至15年的，每人每月18元；（二）任职16年至20年的，每人每月23元；（三）任职21年至30年的，每人每月28元；（四）任职31年以上的，每人每月35元。确定任职时间，统一以周年为计算单位，六个月和不满六个月的不予计算，超过六个月的按一年计算。所涉相关补助费用自定补政策实施以来，我省先后于2002年、2006年、2009年3次对其提高相应标准。现行的补助标准为：（一）任职11年至15年的，每人每月178元；（二）任职16年至20年的，每人每月183元；（三）任职21年至30年的，每人每月188元；（四）任职31年以上的，每人每月195元。提高后的生活补助由民政部门统一按年实行社会化发放。    请您根据您的情况进行对照是否符合上述政策补助标准。如果符合请您第一时间与永德县委组织部或县民政局联系、咨询，我们将对您反映的情况作进一步调查、核实。联系电话：永德县委组织部（0883—5220811）、永德县民政局（0883--5215990）。    感谢您对我们工作的支持和理解，祝您生活愉快！身体健康！,回复时间：2017-04-06 11:31
甘蔗款项,已办理,三农 咨询,匿***,2017-03-0711:04,2016年，永康糖厂，通知说，发百分百分之七十甘蔗钱，可我们蔗农啥都没看到，钱去哪了,中共永德县委书记徐亚谦,网民朋友:您好！    您通过人民网地方领导留言板给我的留言已收悉。永德县委、政府高度重视，已责成县糖办牵头，相关部门配合，迅速调查核实。由于您是匿名留言，基本信息不详，没有联系电话，我们无法准确的为您核实蔗款兑付情况。鉴于此，现对您留言回复如下：    由于永德糖业集团有限公司在2015/2016榨季无法正常开榨，永德县委、政府引导蔗农代表和职工代表联合成立了“永德县2015/2016榨季管理委员会”，租赁原永德糖业集团有限公司的设备、职工和知识产权等，开展租赁封闭运行工作。        2015/2016榨季共入榨甘蔗64.49万吨，应支付蔗款2.724亿元，实际分8期（2月25日-7月6日）支付蔗款1.907亿元，占应付蔗款的70%；剩余30%蔗款（0.8170亿元）未支付。如果您的70%蔗款还没有领到手，请您到永德糖业集团康甸公司财务科查实。    如果您对答复情况不清楚的地方，可直接与永德县蔗糖产业办公室联系、询问。联系电话：0883—5212589。感谢您对我们工作的理解与肯定。祝您身体健康，生活幸福！                  ,回复时间：2017-03-17 09:10
永徳县康伟公司拖欠农民工工资该怎么解决,已办理,就业 求助,匿***,2017-02-0410:38,我于2014年至2015年组织农民工帮康伟公司造林1万余亩，修造林路近30公里，现该公司还欠我工程队329·8万元，我工程队已无法支付农民工工资，农民工日子都无法过了，现向领导求助要怎么解决。,中共永德县委书记徐亚谦,网民朋友：您好！你通过人民网地方领导留言板给我的留言已收悉。永德县委、政府高度重视，已责成县人社局牵头，相关部门配合，迅速调查核实，现就有关情况回复如下：2017年2月11日，县人社局、县林业局、县信访局三个部门对你反映的情况已与康伟公司经理段正康同志进行调查核实，康伟公司植树造林项目包括多个工程，项目涉及全县10个乡镇和勐底农场，该项目是公司自发造林，不属于林业部门造林项目工程。项目涉及林区道路建设近300公里，造林8万亩左右。拖欠的款项有：土地流转费、造林工时费、林区道路建设费、苗木款等，共计3000多万元。公司拖欠你工程队的329.8万元属此项欠款的一部分。目前，由于康伟公司管理体制机制问题，糖业、康德、康伟三个公司债务帐务相互交织，无法剥离划分，已无法运营，工程无法按时验收结算。根据公司现状，待下步糖业集团、康德集团、康伟集团问题解决后，依法给予解决。如你还有什么问题，可直接向永德县人社局反映，联系电话：0883—5211507。感谢您对我们工作的理解与肯定。祝您身体健康，生活幸福！  ,回复时间：2017-02-24 16:28
建档贫困资金不到还让拿钱,已办理,其他 投诉,匿***,2016-12-2210:42,我是崇岗乡团树村的，我们村政府扶贫建房补贴4万，盖50多平方人工费和材料费等总共不到3万，可是却还要说4万元只能盖40平方，多的每平方再拿1000元，门和窗也再要钱，难道政府是这样号召的吗？让村长和承包商这样挣政府补贴贫困户的钱吗？我们都是60多到快80的老人了，再拿1万多元钱盖房不是要我们的命吗？还能活几年？,永德县信访,网民朋友您好！     你通过人民网地方领导留言板给徐书记的的留言收悉。永德县委、政府高度重视，责成县扶贫办牵头，相关部门配合迅速调查核实，现就有关情况回复如下：     一、基本情况     团树村全村有15个自然村，22个村民小组，有农户865户3701人，有建档立卡贫困户42户137人，建档立卡贫困户中需建房42户，其中：4万元户型8户（新寨组1户、旺丁组1户、大沟组3户、布阴组1户、豌豆地组2户），8户4万元户型均由团树村小寨组罗三代建，目前，已全部开工，完工2户，完成主体墙建设3户，完成地基平整3户。     二、诉求核实情况     一是扶贫建房资金支付及管理情况。根据资金管理要求，建房资金均按照房屋建设进度，由农户提出申请，村上报资料，乡项目办审核，分管领导、主要领导签字后由财政所统一支付到农户卡中，村委会并未经手资金。经核实，团树村工队代建8户农户银行卡是由农户自行交由施工方。     二是门窗外加钱情况。由于团树布阴组、豌豆地组等村组道路路况较差，部分出现2次搬运情况，工队代建农户均由工队与农户自行协商建房事项、签订合同，双方按照每平方米1000元的价格进行施工，超过40平方米的费用由农户自行承担。团树村8户农户有4户农户超过40平方米，均由农户自行提出要求，并未出现村委会或施工队违规施工情况。     如果你对答复有不清楚的地方，请你直接与崇岗乡人民政府联系、咨询。联系电话：5899042。     感谢您对我们工作的支持和理解，祝您生活愉快！身体健康！                                                             永德县信访局                                                           2016年12月28日,回复时间：2017-01-04 11:34
扶贫建房什么政策,已办理,三农 求助,匿***,2016-12-2210:08,我是崇岗乡团树村属下小组的，想问一下扶贫建房4万为什么钱不直接发到贫困户手里，而是非发到承包商那里，承包商说4万元只能盖40平方，我原先50多平方，我让盖40平方承包商还不给盖，40平方以外每平方再要1000元，而实际盖房50多平方材料和人工费用总共2万多就够了，还要门窗钱，他们这不是打着政府扶贫政策挣钱吗？村主任和承包商一个心眼，难道一村之长是这样带领村民致富的吗？还是自己想法挣贫困户的钱？谢谢,永德县信访,网民朋友您好！     你通过人民网地方领导留言板给徐书记的的留言收悉。永德县委、政府高度重视，责成县扶贫办牵头，相关部门配合迅速调查核实，现就有关情况回复如下：     一、基本情况     团树村全村有15个自然村，22个村民小组，有农户865户3701人，有建档立卡贫困户42户137人，建档立卡贫困户中需建房42户，其中：4万元户型8户（新寨组1户、旺丁组1户、大沟组3户、布阴组1户、豌豆地组2户），8户4万元户型均由团树村小寨组罗三代建，目前，已全部开工，完工2户，完成主体墙建设3户，完成地基平整3户。     二、诉求核实情况     一是扶贫建房资金支付及管理情况。根据资金管理要求，建房资金均按照房屋建设进度，由农户提出申请，村上报资料，乡项目办审核，分管领导、主要领导签字后由财政所统一支付到农户卡中，村委会并未经手资金。经核实，团树村工队代建8户农户银行卡是由农户自行交由施工方。     二是门窗外加钱情况。由于团树布阴组、豌豆地组等村组道路路况较差，部分出现2次搬运情况，工队代建农户均由工队与农户自行协商建房事项、签订合同，双方按照每平方米1000元的价格进行施工，超过40平方米的费用由农户自行承担。团树村8户农户有4户农户超过40平方米，均由农户自行提出要求，并未出现村委会或施工队违规施工情况。      如果你对答复有不清楚的地方，请你直接与崇岗乡人民政府联系、咨询。联系电话：5899042。      感谢您对我们工作的支持和理解，祝您生活愉快！身体健康！                                                                            永德县信访局                                                                          2016年12月28日,回复时间：2017-01-04 11:34
建房补助,已办理,三农 投诉,匿***,2016-12-1214:08,书记你好，我是班卡乡松坡村落水坑村民，我在14年建房，只拿到一万二千五补助，而有的拿了二万几，还是补助不一样，谢谢书记帮查一下。,中共永德县委书记徐亚谦,网民朋友您好！     你通过人民网地方领导留言板给我的留言收悉。永德县委、政府高度重视，责成县住建局牵头，相关部门配合迅速调查核实，现就有关情况回复如下：    一是班卡乡松坡村落水坑组没有因2014年度建房获得补助的农户。    二是班卡乡松坡村落水坑组有7农户因2013年建房获得建房补助，补助发放时间为2014年5月18日，补助均为12750元/户（大写：壹万贰仟柒佰伍拾元），没有补助12500元（大写：壹万贰仟伍佰元）的农户。    三是2013年度建房补助标准为20000元/户，但因只有两个项目资金到位，其他整合资金未到位。到位资金具体为：一项是新家园危房改造资金，补助资金有县住建局拨入223.125万元，每户补助资金为12750元/户，共补助175户；另一项为扶贫专项安居资金，补助资金由县扶贫办拨入10万元，按每户补助10000元标准进行补助，当年补助10户；2014年县扶贫办安排10户任务数，资金2014年底到位，2015年发放，按每户补助10000元标准进行补助，共补助10户。     四是2013-2014年，全乡没有补助2万多元的农户。   五是至于你在留言中所称的“有的人拿了2万多元”的补助资金没有明确获得补助的具体时间，如果是2016年度获得，那么该资金为2016年的农村危旧房改造和抗震安居工程建设补助资金。标准为4万元/户，根据建房工程进度，按县上补助政策（2万+1万+1万）分期兑付的方式给予补助，因进度不一样享受到的补助也不一样。如果你对答复有不清楚的地方，请你直接与班卡乡人民政府联系、咨询。联系电话：5855042。感谢您对我们工作的支持和理解，祝您生活愉快！身体健康！  ,回复时间：2016-12-28 10:44
建房求助,已办理,三农 求助,匿***,2016-12-0516:23,我是亚练乡文化村文化组村民，家住原文化完小旁，我家的正房是老房子了，一下雨就漏雨、且堂屋出水，于是我于2014年动工建新房，但是因为父亲常年患有高血压等多种疾病还曾到临沧做过手术，母亲经常要住院、吃药、打针，两个小孩又还小，家里没有什么收入，我苦的一点半点钱还不够父母医病，以至于我现在房子都还没有盖好，我确实是贫困户实在是没有能力了再盖了，想请书记帮忙看看能否变通下可不可以把我列入2016年建房贫困户，享受2016年的政策，要不是实在没有办法我也不会提出这难以启齿的请求。非常感谢书记。,永德县人民政府,网民同志：您好！     您通过人民网地方领导留言板给永德县委书记的留言收悉，永德县人民政府高度重视，现将有关情况回复如下： 一、基本情况 （一）2015年建房及资金兑付情况。2015年我县共实施农村危房改造5750户，到位上级补助资金7972.55万元。其中：亚练乡372户，拨付资金509.4万元（2016年追加拨付67.86万元）；县新农办下拨美丽家园旧房改造补助金40万元，县国土资源局汇入村级财务代理中心危旧房改造资金4万元。2015年县级累计下拨亚练乡建房补助资金485.54万元。截止2015年12月31日，亚练乡11个村共兑付补助资金200户273.533万元，结转资金212.007万元。其中，文化村共兑付16.404万元，涉及农户12户，每户1.367万元。（二）2016年建房及资金兑付情况。目前，上级下达我县2016年农村危房改造6079户，到位补助资金4852.01万元。为贯彻落实《中共中央 国务院关于打赢脱贫攻坚战的决定》精神，支持贫困县开展统筹整合作用财政涉农资金试点，我县纳入统筹整合使用财政涉农资金试点范围，住建系统到位的4852.01万元补助资金需纳入县级统筹整合使用。目前，县脱危房办已整合全县农危改补助资金9004.11万元（其中：亚练乡755户，补助资金873.35万元），现方案已制定，待审批后将尽快下发至各乡镇，及时将补助资金兑付到建房农户手中。 二、回复意见 2016年以前建房的农户，亚练乡已将建房补助资金兑付到符合补助条件的建房农户手中。为解决财政涉农资金使用政策限制和碎片化问题，保障我县集中资源打赢脱贫攻坚战，2016年我县对涉农资金进行了统筹整合使用，目前已整合全县农危改补助资金9004.11万元（其中：亚练乡755户，补助资金873.35万元），将用于2016年以后的建房补助资金。下步工作中，我县将进一步加大建房补助政策的宣传，加强农危改补助资金使用及监督管理，确保建房补助资金按建房进度及时兑付到农户，克期完成全县脱贫攻坚各项工作任务，确保农户及时住上达到抗震设防标准的安居房。匿名网友提出关于建房补助资金求助问题，亚练乡人民政府将对文化村建房户逐户进行核实，对2015年前因指标不足、符合补助对象而未能享受补助的建房农户及时进行补助，对纳入2016年建房补助范围的农户及时按工程进度兑付补助资金。 三、调查核实情况 经亚练乡党委政府成立以乡党委书记为组长的工作组，深入村公所对相关的农户进行了核实。 经初步核实，2014年，受康家坝水库南北干渠项目施工影响，该地区存在滑坡地质灾害隐患，县人民政府决定对受影响的49户农户进行易地搬迁，该农户在搬迁范围内。该户随后在亚练村赵家寨另选新址建盖新房，2014年新房一层封顶，建房补助资金3万元已于2016年1月份兑付，不存在相关建房补助资金未兑付的情况。     感谢您对我县信访工作的支持与理解，祝您身体健康、生活愉快！                                                                                                     永德县信访局                                                                                                  2016年12月14日,回复时间：2016-12-19 17:35
很满意,已办理,其他 感谢,匿***,2016-12-0315:13,尊敬的徐书记你好，我是2016年11月13号给你留言的湾甸村民，感谢你在百忙之中帮我解决了用电问题，现在电杆已经立好，不久可以用电了，在此十分感谢徐书记和电力公司的工作人员为我解决了困难！！！,永德县人民政府,网民同志：您好！  您通过人民网地方领导留言板给永德县委书记的留言收悉，永德县人民政府高度重视，现将有关情况回复如下：  您反映的用电问题已按程序办理完毕。  感谢您对我县工作的支持与理解，祝您身体健康、生活愉快！                                                永德县信访局                                               2016年12月14日,回复时间：2016-12-19 17:35
缺生活用电,已办理,其他 咨询,匿***,2016-11-1316:37,县委书记你好，我是小猛统湾甸村的村民，现在房子修建好没有生活用电，去了好几次供电所，他们说要我自己买电杆，才给我家供电装电表，我该怎么办啊！,中共永德县委书记徐亚谦,网民朋友您好！     你通过人民网地方领导留言板给我的留言已收悉。永德县委、政府高度重视，责成县供电局牵头，相关部门配合迅速调查核实，现就有关情况回复如下：    关于你所反映的“房子修建好没有生活用电，去了好几次供电所，他们说要我自己买电杆，才给我家供电装电表”的问题。2016年9月8日，小勐统镇党委、政府协调供电所工作人员前往你家进行现场勘察，发现你家距离最近的接电点为85米，且跨越公路。根据接电相关规定，为保证居民用电安全，电线总长若长于30米以上就必须加栽电线杆。工作人员已向你说明加栽电线杆需由你委托有资质的施工单位组织立电杆并架设相关线路（费用由你承担），待电杆立好后，再由供电所进行装表接电（由供电单位承担）。2016年11月24日小勐统镇党委、政府及临沧供电局永德分局组成工作组再次赴你家就零散居民业务管理的接电规定向你解释说明。你也对为什么要加栽电杆，为什么费用由你承担等政策表示理解，并称将尽快联络施工单位进行前期工作，待装表接电条件成熟后，告知供电所进行装表接电。    由于你的积极配合，现已为你家装表供电。如果你对答复情况有不清楚的地方，请你与小勐统镇党委、政府联系、询问。联系电话：0883–5711042。    感谢您对我们工作的支持和理解，祝您生活愉快！身体健康！,回复时间：2017-01-06 10:08
建房  求助,已办理,其他 求助,匿***,2016-11-0319:33,尊敬的书记你好，我是亚练乡文化村村民，我家由于受下边的干沟影响，牛厩墙已拉裂，正房是好几十年前的老房子了，一下雨就漏雨，现在盖着一间还盖不完，没有钱再继续盖了，因为我上有两位70多岁体弱多病的父母，下有两个小孩，父亲前年刚做过手续，母亲经常要住院、吃药、打针，我实在是无能为力了，想请书记帮看看能否把盖房子的补助金发给我下，非常感谢,中共永德县委书记徐亚谦,网民同志：您好！    您通过人民网地方领导留言板给永德县县委书记的留言收悉，县委高度重视，及时研究并立即安排县住建局和亚练乡党委、政府进行核实。因您反应的关于建房补助资金求助问题时是匿名的，且基本信息不详，没有具体的详细地址和联系电话，但本着对你高度负责的态度，亚练乡党委、政府成立由乡党委书记任组长的工作组，深入文化村对全村2014-2016年度进行旧房改造（2014-2015年度）、农村危房改造和抗震安居工程（2016年度）建设的农户进行走访、询问、排查核实，均没有一户农户（走访过的农户没有任何一户承认曾经留言）符合留言者所描述的情况。鉴于上述情况，现对您留言回复如下：    一是我们向您提供永德县2014-2015年度旧房改造和永德县2016年度农村危房改造和抗震安居工程建设补助标准政策摘录（附件）。    二是请您根据您家建房时段、建筑标准等情况进行对照是否符合上述政策补助标准。如果符合请你第一时间与亚练乡人民政府联系、咨询，我们将对您反映的情况作进一步调查、核实。咨询联系电话：5755255 。感谢您对我们工作的支持和理解，祝您生活愉快！身体健康！附件：                     永德县2014年度旧房改造补助标准政策摘录    1.原址重建。符合村庄规划要求，外观户型一致，达到抗震设防要求，配套卫生间（或建有卫生厕所），人畜分院的新建砖混结构或新建砖木结构（屋顶为青瓦），人均占有40平方米以上，并在春节前入住。每户补助标准：砖木结构1万元；砖混结构1.5万元。   2.集中打造。以自然村为单位（不低于30户集中选点建设的村庄），整个自然村建房外观统一设计、规范，体现当地民族特色，达到抗震设防要求，建有卫生间（或建有卫生厕所），人畜分院的新建砖混结构，人均占有40平方米以上，且公共基础设施配套，并在春节前入住。每户补助标准：2万元。   3.保护开发。对资源条件较好，特别是民族特色突出、地域特色、产业特色、旅游景点等旅游开发资源优势突出，属于古村落、特色乡村保护村的农户，对房屋原貌保护和恢复开发。每户补助标准：0.5万元。   4.美化提升。对集中居住，已有全框架土木、石木、砖木结构住房，房屋规格基本一致，且达到抗震设防要求的农户，对房屋外观、庭院等实施改造。每户补助标准：0.5万元。   5.进城定居。对未进行民居房改造的农户，自愿进城购买小区开发的新住房，同时申请办理农转城，并在春节前入住。每户补助标准：3万元。                         永德县2015年度旧房改造补助标准政策摘录    1.新建。⑴符合村庄规划、城乡规划要求，外观户型一致，达到抗震设防要求，配套冲水厕所，安装太阳能、人畜分院的新建砖木结构（屋顶为青瓦），人均占有40平方米以上，并在春节前入住。每户补助：1万元；⑵符合村庄规划、城乡规划要求，外观户型一致，体现当地民族特色，达到抗震设防要求，配套冲水厕所，安装太阳能、人畜分院的新建砖混结构，人均占有40平方米以上，并在春节前入住。每户补助：1.5万元。    2.集中打造。以自然村为单位（不低于30户集中选点建设的村庄），整个自然村建房外观统一设计、规范，体现当地民族特色，达到抗震设防要求，配套冲水厕所，安装太阳能、人畜分院的新建砖混结构，人均占有40平方米以上，且公共基础设施配套，并在春节前入住。每户补助：2万元。      3.保护开发。对资源条件较好，特别是民族特色突出、地域特色、产业特色、旅游景点等旅游开发资源优势突出，属于古村落、特色乡村保护村的农户，列入保护开发任务统计，不进行补助。    4.美化提升。对集中居住，已有全框架土木、石木、砖木结构住房，房屋规格、外观基本一致的村寨，列入美化提升任务统计，不进行补助。    5.进城定居。对未进行民居房改造的农户，自愿进城购买小区开发的新住房，同时申请办理农转城，并在春节前入住。每户补助标准：3万元（房地产开发企业补助2万元，财政补助1万元）。在廉租房、公租房租住的农户，列入进城定居任务统计，不进行补助。            永德县2016年度农村危房改造和抗震安居工程建设补助标准政策摘录    全县农村危房改造和抗震安居工程建设实行老房子老标准，新房子新标准，2016年1月1日以前实施的建房户执行原政策及相关规定（含2015年开工建设且尚未完工的建房）；2016年1月1日至2017年12月31日实施的25502户建房户按照以下补助标准执行。每户补助4万元标准，采取按工程进度分三年（2万、1万、1万）分期兑付的方式给予补助。    1.易地搬迁新建。每户补助4万元，帮助协调6万元以内年利率2%的3年贴息期贷款支持。    2.原址拆除重建。每户补助4万元，帮助协调5万元以内年利率2%的3年贴息期贷款支持。    3.改造加固除危。每户补助0.8万元。    4.保护修缮提升。每户补助1万元。    5.进城定居。每户补助3万元，帮助协调5万元以内年利率2%的3年贴息期贷款支持。    6.政府兜底。每户补助4万元，由县政府兜底建设40至60平方米的基本安全住房。,回复时间：2016-11-28 14:55
商家扣押我的车不还,已办理,其他 投诉,1***,2016-10-1009:19,买了一辆电动车 老是出问题商家无法修理，希望能帮忙处理。,中共永德县委书记徐亚谦,网民朋友：你好！　　  你通过人民网地方领导留言板给我的留言已收悉。永德县县委、政府高度重视，已责成县信访局牵头，相关部门配合，迅速调查核实，现就有关情况回复如下：　你于9月29日、30日下午分别向“12315”和“110”电话投诉，接报后，永德县市场监督管理局永康管理所和永德县公安局永康派出所分别派人对事情进行了调查调解。由于该问题属于民事纠纷，派出所民警明确告知可向永德县市场监督管理局永康管理所反映情况。而在永德县市场监督管理局永康管理所调解过程中，你与电动车经销商双方对于电动车的退换维修、质量鉴定等问题未达成一致。考虑到电动车的安全、管理等多种因素，经当事双方同意电动车由永康派出所暂代保管。　　10月8日下午你到永德县人民法院永康法庭反映情况，法庭工作人员按照程序进行了接待并作了信访记录。接访过程中，工作人员对信访内容进行了解答和说明，并对你进行了诉讼指导，明确告知法庭办理诉讼案件需依法依规，需要准备起诉状等材料，诉状中要有明确的被告、明确的诉讼请求及事实理由。　　10月11日，永德县信访局启动联合接访程序，组织相关部门和当事双方进行疏导调解。经调解，当事双方达成一致意见：由电动车经销商——永德兴辉实业有限责任公司对该电动车进行维修维护，确保能够正常使用。　　如你还有什么问题，可直接向永德县信访局反映，联系电话：0883—5211689。感谢您对我们工作的理解与肯定。祝您身体健康，生活幸福！     ,回复时间：2016-10-26 14:58
公租房治安需要改善,已办理,城建 建言,匿***,2016-09-0711:43,不法份子发现公租房没有安装摄像头，就把盗窃目标锁定在公租房，目前已有多起摩托车盗窃案发生，因为没有监控，案件难破，希望县委政府帮助解决。,中共永德县委 县人民政府,网友您好！针对你的留言，永德县委政府高度重视，并安排有关部门对您的建议意见做出了迅速反应。下步，我们将重点加强以下五个方面的工作：一是不断拓展“平安城市”监控系统的覆盖面，尽量减少社会面视频监控死角、盲区。二是加强沟通协调，动员小区建设、管理企业尽快建设内部视频监控系统，为日常管理和侦查破案提供支持。三是敦促小区及周边相关单位、企业建立健全内部管理制度和安全防范责任制，落实主体责任，规范和强化物业管理工作，充实内保力量，完善安防措施；督促指导小区内保人员加强值守和巡查，“人防、物防、技防、意识防”并举，抓好内部保卫工作。四是加强对住户、进出人员的治安防范宣传和警示、提醒，提高防范意识，管好公私财物。五是打防并举，巡防工作与案侦工作并重，最大限度保护广大人民群众的财产安全。,回复时间：2016-10-08 11:15
申请调动,已办理,就业 求助,匿***,2014-09-1916:53,尊敬的徐书记，你好！我是一名在编在职的事业编，现在在永德县工作，工作时间已经有2年，户籍是凤庆县大寺乡的，目前家中父母年迈多病，没有人照看，多次回来看望路途遥远，生活艰巨，所以，我想请各位领导给予帮助，我是否可以申请调回户籍所在地工作，谢谢！,中共永德县委徐亚谦,网民朋友：　　你好！    你通过人民网地方领导留言板给我的留言收悉。你所反映的情况，我已责成永德县人力资源和社会保障局调查核实，现就了解的有关情况回复如下：    目前，事业单位调动的条件主要有：在调入单位编制空编情况下，一是工作需要；二是解决夫妻分居；三是照顾家庭。    事业单位人员调动分别按以下程序进行：    调出：调出单位填写《调动人员登记表》，并由调出单位及其主管部门签署意见盖单位行政公章→调入单位人社部门发商调函到调出单位所在县人社部门→调出单位所在县人社部门接到调入单位调档函后→人社部门会议研究→报政府审批→寄出调动人员档案→调出单位所在县人社部门接到调入单位人社部门调令后，办理行政、工资及相关内容调配手续。    调入：调入单位所在地人社部门发商调函到调出人社部门→根据《调动人员情况登记表》填写的基本情况，审定调动理由，由调入单位及其主管部门填写意见和盖行政公章及调动请示→提交局长办公会讨论，经审批同意发调档函→审查档案后经审批同意发调动函→调动人持调出单位行政介绍信、工资介绍信及其他手续到调入单位人社部门报到→调入单位人社部门与调入单位衔接后，把调动人员介绍到接收单位，办理行政、工资及保险、住房公积金转移手续。对审批不同意的，人事档案退回原单位。     若有不清楚的地方，请向永德县人力资源和社会保障局公务员管理与人员调配股咨询。电话：0883- 5220907,回复时间：2014-11-22 08:40
