感谢领导的关心,待回复,交通 感谢,L***,2019-11-1810:27,     感谢领导对南炮大沟的舒通关心，百姓的用水问题得于解决，在此深表感谢！！但就不知村村通的问题何时能解决?,,,
家乡路况,已办理,交通 求助,L***,2019-08-2415:49,尊敬书记:您好!不知，在百忙之中，您能否看到这封信，我是勐永镇新和村委会的村民，在这里想向您反映的事情是勐永镇新和村委会南炮组至芒来的村村通硬板路，不知什么情况，现停工状态，还有就是修路时的泥沙石，把路下面老百姓田地和青苗损坏甚多，另外，村民灌溉用水大沟已堵塞，农民没法用水，造成大部分村民吃菜都必须上街去买，致此全民有望:相关领导给于帮助与解决。早日实现通车通水的愿望!致谢,耿马傣族佤族自治县信访局,网民朋友：您好！您通过人民网《地方领导留言板》的留言收悉，现就您反映问题回复如下：经核实，您反映的勐永镇新和村委会南炮组至芒来村的村村通道路停工情况属实，由于工程资金拨付不到位，导致了勐永镇全镇各个村组所在实施的村村通工程项目处于停工状态。下步工作中，勐永镇将积极向上级部门申请拨付资金，争取早日复工。 其次，您反映的部分青苗被埋，由于在原路基进行扩修，导致部分群众青苗被埋，针对您反映青苗被毁问题，经村组干部到现场核实后，您本人青苗没有被埋的，南泡组青苗被埋的农户不多，镇政府工作人员及村组干部通过讲解村村通工程是国家所实施的一项惠民政策，青苗受损群众表示支持和同意施工方继续施工。关于您反映村民灌溉用水的大沟被堵问题，经核实，目前沟渠通往群众的田地已经种植玉米和甘蔗，不再使用水源灌溉，且施工队答应，路基修好后会把所堵的沟渠疏通恢复原貌，群众也同意施工方意见。感谢您对我县道路建设的关心和支持，如对此答复意见不服，可在收到此答复意见之日起 30日内向上一级行政机关提出复查或走司法途径处理。  ,回复时间：2019-10-09 11:58
公租房子,已办理,城建 咨询,W***,2019-08-0310:04,尊敬得县委书记！我户口属清水河清叔寨，属于空挂户，没地没房子，一直在孟定打工租房子住，刚刚不知道允相花园是公租房，现在才知道去申请，结果是停止申请了，就是想问问书记多久才能申请，谢谢了,耿马傣族佤族自治县信访局,网民朋友：您好！您通过人民网《地方领导留言板》的留言收悉，现就您反映问题回复如下：一、公共租赁住房申请书受理情况自2016年1月开始受理孟定片区公共租赁住房申请以来，孟定镇工作人员严格遵守公共租赁住房相关规定，本着认真负责、兢兢业业的工作态度进行申请登记收件，并对相关部门审核通过的公共租赁住房申请书进行严格审核，截止2018年9月30日共受理公租房申请4250份。二、暂时停止公共租赁住房常态化受理工作2018年以来，由于我县公共租赁住房除县城滨河家园和孟定允相花园外均已全部分配入住，且已申请未入住家庭大大超过已建房源数量。同时，未分配房源尚不具备入住条件。为进一步加快推进我县公共租赁住房分配管理和运营工作，根据《耿马傣族佤族自治县人民政府关于公共租赁住房相关事宜的批复》（耿政复〔2018〕176号）的文件精神，自2018年10月1日起暂时停止耿马县城滨河家园和孟定镇允相花园统建公共租赁住房申请、审核常态化受理工作，待有房源时再集中受理，确保申请人能及时入住。县住建局于2018年9月26日在耿马电视台、耿马县政府公众信息网发布《通告》，并将此《通告》在耿马县城滨河家园、孟定允相花园及相关部门进行粘帖。三、公共租赁住房申请常态化受理工作的开启目前，孟定镇符合申请条件且已交公共租赁住房申请书还在轮侯的家庭为1379户，在孟定镇允相花园广场公共租赁住房有房源交付使用后将及时进行分配入住，待轮侯家庭全部分配入住后且有空置房源的前提下，县住建局局将督促孟定镇根据空置房源的数量开启公共租赁住房申请常态化受理工作，及时办理申请、审核及分配入住工作。如对此有任何疑问，您可拔打电话6128059进行咨询。感谢您对我们工作的关心和支持，如对此答复意见不服，可在收到此答复意见之日起 30日内向上一级行政机关提出复查或走司法途径处理。  ,回复时间：2019-10-09 11:59
书记您好，,待回复,政务 感谢,W***,2019-07-2908:57,县委书记您好，我于2019年7月27日向您投递了一份求助信，内容为(耿马县供电所车辆压到本人的狗不给予赔偿)于2017年7月28日本人得到满意的处理结果，特写此信感谢领导,,,
求领导评评理,已办理,政务 求助,W***,2019-07-2721:23,领导你好，我是耿马县勐简乡一村民，于2019年7月21日耿马供电所一驾驶员开车到勐简乡压到我的狗一只(德国牧羊犬)爱犬于出生9日就一直人工喂养到两个月，驾驶员导致爱犬盆骨断裂，驾驶员声称自己开的是公车还多次已领导推辞，到现在也没任何赔偿，多次联系也不给予回复，属于无奈恳请领导评评理,耿马傣族佤族自治县信访局,网民朋友：您通过人民网《地方领导留言板》的留言收悉，现就您反映问题回复如下：您于7月27日提交留言反映“耿马县供电所车辆压到本人的狗不给予赔偿”问题后，又于7月28日提交留言称，所反映的问题已得到满意的处理结果并致信感谢领导。鉴于上述原因，对您反映问题作结案处理。非常感谢您对我们工作的信任和支持！,回复时间：2019-10-09 15:38
想咨询目前还有没有自建房4万补助6万贷款的政策,已办理,城建 咨询,唯***,2019-07-1015:58,尊敬的耿马县委书记           您好！我是菜籽地箐门口组村民，因为一直在外打工，没在家中，不清楚家里的相关政策。所以想咨询一下目前如果要自建房子还有没有政府补贴4万贷款6万的补助，因家里房子目前还是空心砖盖的瓦房，家里房间不够住，老鼠太多等一系列问题考虑重建，家里没什么经济能力，所以询问一下还有没有相应的政策补助，望领导回复，谢谢,耿马傣族佤族自治县信访局,网民朋友：您好！您通过人民网《地方领导留言板》的留言收悉，现就您反映问题回复如下：目前，根据《耿马傣族佤族自治县人民政府办公室关于印发<耿马自治县2018年4类重点对象农村危房改造工作实施方案>的通知》（耿政办发〔2018〕28号）文件，拆除重建对象：为2017年提前实施和2018年新开工且符合建筑面积标准的建档立卡贫困户、农村低保户、农村分散供养特困人员、贫困残疾人家庭D级危房通过加固改造达不到抗震要求的，实行拆除重建。拆除重建补助标准为：每户补助2.7万元，有信贷需求和相应偿还能力的贫困户帮助协调每户3万元以内的贷款资金，政府贴息补助3年，贴息期间农户自行承担2%的年利率。根据云南省人民政府办公厅《关于推进非4类重点对象农村危房改造的指导意见》（云政办发〔2018〕48号）文件，非“4类重点对象”农村危房改造，原则上以农户自筹资金、自行改造为主，对少数自身改造能力不足的农户，政府给予适当扶持。扶持的责任主体是县级政府，县级政府可为自身改造能力不足的危房户提供危房改造贷款贴息支持，或按照规定统筹有关财政资金等给予适当不足，具体扶持方式和标准，由有关县、市、区人民政府统筹确定（但目前耿马自治县还未制定相应政策），补助标准不得超过“4类重点对象”的补助标准。但凡有下列情形农户不得列为扶持改造对象：有其他安全住房、门面房及其他经营性用房的；常年外出务工或经商，农村住房虽为危房，但自身有能力改造而又不自己改造的；有家庭成员或户主的父母、配偶、子女为国家公职人员的；购买了价格3万元以上机动车的；在工商部门注册登记公司、企业并实际开展经营活动的。下步工作中，我县将进一步加大对相关政策宣传力度，提高群众对相关政策的知晓度。感谢您对我县城乡建设的关心和支持，如对此答复意见不服，可在收到此答复意见之日起 30日内向上一级行政机关提出复查或走司法途径处理。  ,回复时间：2019-10-09 12:02
您好，耿马县公租房或者廉租房现在还能申请吗,已办理,城建 咨询,唯***,2019-05-0316:42,耿马县县委书记您好，我是菜籽地村箐门口组的，我想问一下耿马公租房或者廉租房现在是否还能申请，应该要怎样去申请。还有一个问题就是如果申请到了是不是租期满几年以后这个房子可以以低于市场价的价格购买房子产权，然后交掉多少年的租金可以在总价直接减去来购买。是这样吗？,中共耿马傣族佤族自治县委员会办公室,网民朋友：您好！    您通过人民网《地方领导留言板》的留言收悉，现就您反映问题回复如下：    一、关于耿马公租房或者廉租房现在是否还能申请问题。由于我县公共租赁住房除县城滨河家园和孟定允相花园外均已全部分配入住，且已申请未入住家庭大大超过已建房源数量。同时，未分配房源尚不具备入住条件。为进一步加快推进我县公共租赁住房分配管理和运营工作，自2018年10月1日起暂时停止耿马县城滨河家园和孟定镇允相花园统建公共租赁住房申请、审核常态化受理工作，待有房源时再集中受理，确保申请人能及时入住。    二、关于能否购买公租房等相关问题。根据住房保障相关文件的规定，公租房或者廉租房销售价格实行政府指导价管理，不以盈利为目的，综合考虑住户承受能力、城镇基准地价、开发建设成本等因素确定价格，符合住房保障政策，租住公租房或者廉租房满一年以上、具备一定支付能力且按时足额交纳租金的家庭，可自愿申请购买所租住的公租房或者廉租房，已交的房屋租金不能在购房总价中直接减去。    如对我县公租房或廉租房还有相关疑问，可直接拔打电话6128059进行咨询。    感谢您对我县住房保障工作的关心和支持，如对此答复意见不服，可在收到此答复意见之日起 30日内向上一级行政机关提出复查或走司法途径处理。  ,回复时间：2019-07-01 16:23
孟定镇普京国际实在大扰民,已办理,治安 投诉,然***,2019-04-1910:22,孟定镇普京国际位于孟定镇镇中心，四周都是居民住宅及商业街，作为一个音乐会所不应该在市中心地带，太扰民了，每天都要到半夜二点才能休息，象我们上班族自天累一天，晚上2点后才能休息，早上六点多又要送小孩上学，基本上只能休息到两三个小时，人都要抑郁了，周围好多人打110反映过至今未果，望领导能体会到人民的疾苦，要么整改保证经营不扰民，最好是取帝,中共耿马傣族佤族自治县委员会办公室,网民朋友：     您好！     您于2019年4月23日通过人民网反映的“孟定镇普京国际娱乐会所实在太扰民”的来信收悉，经过县文化旅游局、县市场监督管理局、市生态环境局耿马分局、孟定镇派出所等部门调查核实，现对您答复如下：    经核实：孟定镇普京国际娱乐会所（龙升娱乐会所）噪声超标，不符合《社会生活环境噪声排放标准》（GB22337-2018）相关规定。    2019年5月8日，县文化旅游局、县市场监督管理局、市生态环境局耿马分局、孟定镇文化和旅游广播电视体育服务中心就信访件召开对普京国际娱乐会所（龙升娱乐会所）负责人及股东的约谈会，会上要求孟定普京国际娱乐会所（龙升娱乐会所）严格按照各部门给出的整改要求整改，在整改期内（5月8日— 6月4日）如不进行整改再出现投诉举报，将对其关停或吊销相关证照。    感谢您对我县文化事业工作的关心、关注和支持！,回复时间：2019-07-01 16:27
最后一条土路,已办理,城建 咨询,蓝***,2019-03-2608:04,尊敬的耿马县委书记您好，我想反映的问题如下：时至2019年的今天，位于耿马县委大青树左边一条土路（东经99°23′31，北纬23°32′43，海拔1122米）20年余载没人管，该路段长约两公里，道路由县委大青树至老干局宿舍区，是一条无名道路，早年前是铺下的弹石路，经过多年的冲刷已不复存在，一直是周边居民自发铺路、剪草、修路，甚至众筹购买砂石铺路，但是每年雨季冲刷还是变成泥泞烂路和水坑，附近居民还是一直走在原生态土路。多年来，勘测队伍来勘测几十次，可为什么这么多年修不上？现在位于党校旁的土地在开发，拉载着几十吨石头的大车每天进进出出，道路被压坏，让原本的土路越来越糟，大车一过地基颤抖，满天都是灰尘。开发是好事情，可为什么不修路，要让群众辛辛苦苦自发修起来的路毁于一旦，希望相关职能部门能将此道路硬化，还附近居民一个干净安全的出行环境。,中共耿马傣族佤族自治县委员会耿马傣族佤族自治县人民政府信访局,网民朋友：您好！    您通过人民网《地方领导留言板》的留言收悉，现就您反映问题回复如下：    针对您反映问题，县交通运输局与相关部门到实地进行查看，该道路建设没有在县交通运输局计划项目库上，应由县住建局落实该项目。目前，县棚投公司已做好此道路设计，待县人民政府立项后实施。    感谢您对我县市政道路建设的关心和支持，如对此答复意见不服，可在收到此答复意见之日起 30日内向上一级行政机关提出复查或走司法途径处理。  ,回复时间：2019-07-01 16:20
建档立卡户盖房补助,已办理,城建 求助,田***,2019-03-0915:57,尊敬县委书记领导你好，我是耿马县贺派乡落阳村委会坝博组的村民，我家2017年盖房至今，村委会告知我家是建档立卡户，盖房补助至今一分没有得到，村委会经常来我家登记拍照等等，现如今村里邻居都拿到盖房补助了，就我家没有，如果不给补助为什么随时来登记。我们多次跑村委会，乡政府，县脱贫攻坚处都没有得到答复处理。望领导明查。,耿马县委办公室,网民朋友：您好！    您通过人民网《地方领导留言板》的留言收悉，现就您反映问题回复如下：    经核实，您为李XX之子，至今未分户，李XX户于2014年被识别为建档立卡贫困户，2017年李XX户脱贫退出，根据2015年扶贫开发相关政策，李XX户享受补助4万元、贷款6万元的建房补助政策，产业扶贫资金5000元。您们一家于2016年建好房子，且建房补助（补助4万元、贷款6万元）已到位，房子位于贺派乡道班附近。同时，按照相关文件要求，您们一家均享受新农合补助政策（2017年政府代交每人180元，2018年政府代交每人220元）、家庭医生签约等相关政策。    综上所述，您家已按政策享受相关扶贫政策。    感谢您对我县脱贫攻坚工作的关心和支持，如对此答复意见不服，可在收到此答复意见之日起 30日内向上一级行政机关提出复查或走司法途径处理。,回复时间：2019-05-07 16:07
全民健身活动中心场地就应该被占用吗？,已办理,文娱 咨询,沈***,2019-01-3018:32,我和朋友晚饭过后，想去县全民健身活动中心打会儿羽毛球，起初，人很少，2个羽毛球场地其中一个已被别人使用，另外一个场地还空着，想着，天快黑了，室外灯也没有开，商量着还是在室内打吧，然后我和朋友就在那个场地打羽毛球，过了5分钟左右，来了一个大约50岁左右的妇女，拿起球拍，进入我们打球场地，挥一挥球拍，说“你们去另外一个场地打”，我和朋友都懵圈了，这全民健身中心不是那个先来就哪个使用嘛，或者说可以轮流着一起玩，怎么会一来就告诉我们，叫我们离开，我和朋友也就有点生气，说：“我们先来打的，为什么你来我们就必须离开”，然后，我们两还是打着，但她就在我身边站着，就是不离开，我打球也打不开，深怕打着她，她还是拿着球拍，“指挥”我们去另外一个场地打，但是另外一个场地已经被人使用着了，看着我两个不离开，她就说道这是他们羽毛球协会专用场地，专门给老人玩的，我心想，全民建设活动中心场地还有被所谓的那些协会占了，想了想，居然是老人，那我们就让吧，然后我和朋友就去外面打了，玩了几分钟，天黑了，室外也没开灯，不知道是灯坏了还是本来就没开，我和朋友拿着球拍在哪儿说这话，等到另外一个场地说他们打好了，叫我们过去打，我和朋友才能在室内打。我想这个问题不应在该只有我一个人遇到，包括室外，来活动的老人、小孩、年轻人也比较多，天黑了，灯也不开，期间存在较大安全隐患。,耿马县委办公室,网民朋友：您好！您通过人民网《地方领导留言板》的留言收悉，现就您反映问题回复如下：经核实，我县全民健身活动中心室内羽毛球场地经常用于县老年人羽毛球协会训练，但并不专属于县老年人羽毛球协会，是协会成员个别人员的错误认为。针对您反映问题，2019年4月11日，县文化旅游局、县老体协、县老年人羽毛球协会召开工作协调会，会上要求县老年人羽毛球协会要加大对协会人员的管理，积极树立文明健身理念，公平、合理使用公共活动场所，不打协会旗号私自占用公共场地；要求全民健身活动中心要建立和完善相关管理制度，管理人员要加强对体育场地的巡查，主动解决问题，积极做好安全保障工作，杜绝发生安全事故。感谢您对我县文化体育工作的关心和支持，如对此答复意见不服，可在收到此答复意见之日起 30日内向上一级行政机关提出复查或走司法途径处理。  ,回复时间：2019-04-29 10:58
退伍军人创业小额贷款要找哪个部门,已办理,金融 咨询,请***,2019-01-2809:06,尊敬的领导您好，在您百忙之中给你写信实属打扰你了。我不知道你能不能看到这封信，我是勐永镇的一名退伍老兵，我今天想要咨询的问题是退役军人自主创业国家政府都给些什么支持吗？我已经退伍10年了，我退伍后一直自己经营着一个奶茶店，现在我的奶茶店要扩张资金不够想问一下我的这个情况是否可以申请小额无息贷款？如果符合要去找哪个部门？需要准备些什么材料,中共耿马傣族佤族自治县委员会办公室,网民朋友：您好！    您的来信收悉，经耿马自治县退役军人事务局与相关部门咨询和了解，现将有关事项回复如下：    经咨询相关部门，在耿马自治县可承办创业小额担保贷款的部门有，耿马自治县人力资源和社会保障局就业中心、耿马自治县团委、耿马自治县总工会、耿马自治县工商联合会、耿马自治县市场监督管理局个私协会、耿马自治县妇联等部门。在耿马自治县创办企业或从事个体经营的高校毕业生（含大学生“村官”、在校高年级大学生）、农民工、复转军人、留学回国人员等已进行工商注册的首次创业人员。如个人自主创业，申请创业小额担保贷款，都可到其中的一个部门申请创业小额担保贷款，根据《云南省人民政府关于做好当前和今后一个时期促进就业工作的实施意见》云政发[2018]75号文件精神，云南省为加大创业担保贷款政策支持力度，自2019年1月1日起，我省符合创业担保贷款申请条件人员自主创业的，申请贷款最高额度可提高至15万元，期限不超过3年，享受创业担保贷款的创业者按照现有政策规定给予贴息，经贷款经办金融机构认可，可以展期，展期期限内不贴息。耿马自治县2019年度的创业小额担保贷款工作将于2019年2月20日后开展，届时，您可到zoumingshu@126.com的邮箱下载相关贷款表格填写申请或到勐永镇社保中心办公室领取耿马自治县失业人员小额担保贷款申请审批表填写后并提供相关资料，选择其中一个承办创业小额担保贷款的部门申请创业小额担保贷款。    感谢您对我县经济建设工作的关心、关注和支持！,回复时间：2019-02-12 17:02
没有钱回家过年,待回复,就业 投诉,W***,2019-01-2508:42,尊敬的书记您好：                今年九月份我们一伙二十多个人来耿马修建忙洪乡安雅、科且的路（收尾工程，有路面、防护墩、档墙、路边沟）目前工程也完工。眼看就要过年了，可是我们到目前为止一分工资都没有拿着过，望百忙之中的书记能过问一下此事，我们将万分感谢,,,
城建政治不作为,已办理,城建 投诉,情***,2019-01-1611:12,"书记你好我是勐撒的一个小商贩，在取得了营业执照的情况下经营着燃气店，从以前他们买165,我降到了105,给老百姓带来了经济实惠，我从2016年就到城建局办理燃气经营许可证，直到现在也没有办给，在这期间去了无数次，最气是我2018年的9月份提供了所有的办证资料到了城建局，可是他们看了资料就把我的资料丢到了门口，说外地燃气进入不了耿马，如果想买燃气就必须买乔安公司的燃气，结果又没有办给证，然后在2018年12月26日，城建就带上乔安燃气公司的人来查封了我的小店，我就不知道为什么价格买便宜了也是违法的吗？这唯一能让我想到的就是城建局有人和乔安公司有不为人知的秘密，希望书记你明察秋毫！",中共耿马傣族佤族自治县委员会办公室,网民朋友：您好！    您通过人民网《地方领导留言板》的留言收悉，现就您反映问题回复如下：    一、关于持有营业执照办理燃气经营许可证未能受理的问题  （一）根据国务院《城市燃气管理条例》第三章第十五条规定：国家对燃气经营实行许可证制度。从事燃气经营活动的企业，应当具备下列条件:   1.符合燃气发展规划要求；   2.有符合国家标准的燃气气源和燃气设施；   3.有固定的经营场所、完善的安全管理制度和健全的经营方案；   4.企业的主要负责人、安全生产管理人员以及运行、维护和抢修人员经专业培训并考核合格；   5.法律、法规规定的其他条件。   符合前款规定条件的，由县级以上地方人民政府燃气管理部门核发燃气经营许可证。申请人凭燃气经营许可证到工商行政管理部门依法办理登记手续。   您在未取得燃气经营许可证的情况下经营燃气，您的经营行为已违反了上述条例的规定。    （二）根据《云南省液化石油气瓶装供应站安全运行技术规程（试行）》第3条规定：3.1.2 Ⅲ级供应站应具备的条件:     1.由具有资格的液化石油气企业设立；   2.设置应符合燃气规划布点的要求；   3. 有稳定的符合国家质量标准的液化石油气气源；   4.有经燃气管理部门考核合格持上岗证的管理人员和操作人员；   5.有安全生产管理制度，岗位责任制度，供应站设施、用户设施、液化石油气燃烧器具的检查、维护、报修制度和各类操作规程及相应的记录台帐；   6.有值班人员；   7. 配备防爆工具和堵漏工器具；   8.至少应配置8kg干粉灭火器2只；   9.供应站邻房间应是非明火、散发火花地点；   10.可设置在与建筑物（住宅、重要公共建筑和高层民用建筑除外）外墙毗连的单层专用房间；   11.建筑物耐火等级不低于二级；有相互毗邻并采用防火墙有效分离的管理房和瓶库房;站内面积大于等于20平方米，其中瓶库房面积大于等于10平方米；设置时其周围30米范围内不得有危险品经营店铺、配变电房、烧焊工场等火灾危险场所及医院、商场、娱乐等人员密集的公共场所；50米范围内不得有学校、幼儿园和重要公共建筑；供应站与主要道路的防火间距大于等于8米，与次要道路的防火间距大于等于5米；   12.供应站的瓶库房还应当具备下列条件：  （1）通风良好，并设有直通室外的门；（2）与其他房间相邻的墙应为无门、窗洞口的防火墙；（3）配置燃气浓度检测报警器；（4）地面应是撞击时不发生火花的面层；（5）照明灯具和开关应采用防爆型。    经县住建局工作人员调查核实，您经营的两个点均设置在人员密集的农贸市场，且无相关符合上述条例要求的储气运气条件；要办理燃气经营许可证，必须取得当地燃气供应企业的《聘用证明》及《法人授权委托书》方可参加省级从业人员上岗资格证培训，取得培训合格证后由企业代为办理燃气经营许可证。    由于您存在上述违反相关管理条例的非法经营燃气行为，故未能按燃气经营许可证办理程序予以受理。    二、关于您于2018年9月到住建局办理许可证时被告知外地燃气进入不了耿马，提供资料后被全部扔到住建局门口的问题   经调查核实，您所经营燃气来源为临翔区，且借用外县燃气经营企业（云南省百江燃气有限责任公司临沧分公司）资质到本县办理燃气经营许可证。燃气来源经营企业所持经营许可证中已划定其经营区域为临翔区，属跨区域经营，扰乱本地市场秩序。根据《云南省燃气管理办法》第三章第十四条规定：燃气企业不得向未取得燃气企业资质证书或者燃气换瓶点、气化站经营许可证的经营性单位或者个体经营者转让、销售燃气。    综上所述，您跨区域非法经营燃气、利用挂靠资质方式试图办理燃气经营许可证的行为已违反了《云南省燃气管理办法》的相关规定，故不能受理其办理燃气经营许可证的要求。经核实，在您到县住建局办理许可证时，工作人员只是将资料摆到桌子一边，并不存在将办理资料扔到门口的情况。   三、关于住建部门与乔安公司2018年12月26日协同查封您店，要求要卖燃气就必须从耿马乔安公司的燃气，怀疑住建局与乔安公司存在不为人知的秘密的问题   根据《云南省住房和城乡建设厅关于立即开展城镇燃气行业安全生产专项整治工作的通知》（云建城〔2018〕392号）、《耿马傣族佤族自治县人民政府办公室关于印发耿马自治县关于开展城镇燃气安全隐患大排查大整治行动工作方案的通知》。在市住建局执法人员的指导下，2018年12月26日至27日由县住建局牵头，组织县公安局、县市场监督管理局、勐撒建设管理所等部门联合对全县城镇燃气安全进行综合检查。在对勐撒镇、勐撒农场进行检查时，发现您经营的“罗记燃气”和“敏恒燃气”存在违法经营黑气的情况、其经营的燃气瓶存在过期和报废的情况，且在勐撒镇农贸市场两家饭店内发现用户使用的燃气瓶属于过期钢瓶。经查阅资料，家用液化气钢瓶一般为10升装，约15公斤。其爆炸时所产生的威力相当于150公斤TNT炸药的威力，能炸毁两层楼房，如果用装放50克TNT炸药手雷来换算，一个液化气钢瓶爆炸的威力相当于3000颗手雷。您虽取得经营燃气的营业执照，但未取得燃气企业资质证书，气化站经营许可证的经营行为已经违法，且存在重大安全隐患，如发生事故，后果不堪设想。    经调查核实，为保护广大人民群众的生命财产安全，保护合法企业的合法经营，县住建局执法人员分别于2017年7月和2018年6月对您燃气经营店下发过整改通知，但依然未见整改。故在2018年12月26日至27日的排查行动中对您的经营站点进行了查封暂扣，整个执法过程均有记录，不存在联合企业对其进行打压的情况，根据本处理情况回复第二条所提，燃气企业经营在办理燃气经营许可证时已经明确了经营范围，而耿马县具有合法经营燃气资质的企业只有乔安公司和孟定燃气有限责任公司，按照经营区域划分，其合法气源只能来自耿马乔安公司，对于云南省百江燃气有限责任公司临沧分公司提供非法气源扰乱市场秩序的行为，县住建局已报请临沧市住房和城乡建设局另案处理。如对此答复意见不服，可30日内向上一级行政机关提出复查或走司法途径处理。,回复时间：2019-01-30 10:16
污水处理,已办理,环保 建言,W***,2018-09-2210:08,书纪您好！耿马镇幸福新村叉路口进去一百米左右，有户路边的居民家一直往路上排放猪圈污水。结果有一段大约三十米路段长年被污水浸泡。既影响出入又担心时间长了会损坏路基。希望能够得到解决。谢谢！,中共耿马傣族佤族自治县委员会办公室,网民朋友：您好！    您通过人民网《地方领导留言板》的留言收悉，现就您反映问题回复如下：    2018年12月10日，耿马镇牵头组织县住建局、甘东社区、综治办到现场调查核实情况，经核实，您反应的情况属实。此区域新搬迁农户建盖房屋较多，重车辆拉运材料挤压路面导致侧沟毁损，排水不畅，雨季雨水浸泡路面，局部路段已经损坏，给行人带来诸多不便。由于资金问题，此区域在建设硬板路时没有建设排水沟，导致排水不畅，加上此区域人员居住交叉且复杂，管理难度大，没有人及时疏通排水沟，导致安置区各项功能缺失，脏、乱、差现象普遍存在。耿马镇经报请县住建部门将此路段纳入棚户区改造范围进行疏通处理，但因此区域不在城市市政规划区域内，无项目支撑，建议农户自行疏通处理。   由于此区域人员居住较为复杂，且毁损处理工程量大，简单的疏通解决不了实质性问题，治标不治本。下步工作中，耿马镇将积极向上级请示汇报，争取项目进行处理。希望您一如既往的支持、关心安置区的管理，在未得到有效处理前，积极参与安置区的管理之中，共同营造洁净、安全、美丽小区。   如您对此答复意见不服，可在30日内向上一级行政机关提出复查或走司法途径处理。,回复时间：2019-01-30 10:12
耿马傣族佤族自治县孔雀坡,已办理,城建 建言,W***,2018-09-2119:18,昨天途经孔雀坡发现面朝红绿灯路口的那个大孔雀，头部损坏，孔雀坡的孔雀是耿马的名片，请相关部门及时修复。,中共耿马傣族佤族自治县委员会办公室,网民朋友：您好！您通过人民网《地方领导留言板》的留言收悉，现就您反映问题回复如下：针对您反映问题，县住建局于9月27日安排工作人员进行现场查看，已及时联系民间工匠进行修复，目前修复工作正在进行中，由于修复程序繁琐，预计10月底前完工。如您还有关于我县市政建设方面意见和建议，欢迎您致电0883—6121528反映。感谢您对我们工作的信任和支持！,回复时间：2018-12-27 11:13
孟定国门小学借读问题,已办理,教育 咨询,W***,2018-09-0910:12,请问省外户口是否可以在孟定借读一学期？需要什么手续呢？国门小学教务处直接答复说不允许,中共耿马傣族佤族自治县委员会办公室,网民朋友：您好！您通过人民网《地方领导留言板》的留言收悉，现就您反映问题回复如下：经核实，您于2018年秋季学期开学前带着女儿到孟定下城国门学校报名，因您是从新疆到孟定做事的，想让孩子到我县孟定下城国门学校小学三年级就读，该校已同意接收，并于9月2日新学期学生报到时将您女儿安排在该校三年级（2）班就读。开学后该校老师通知您办理女儿的转学手续，希望您尽快把她的学籍从原就读学校转到该校，但您告诉该校不愿意为您女儿转学籍，学籍还是要保留在新疆原就读学校。根据教育部印发的《中小学生学籍管理办法》第十六条规定：“学生转学或升学后，转入学校应当以收到的学籍档案为基础为学生接续档案。”第二十七条规定：“若学校接收学生不为其办理转学手续的；不按规定为学生转接学籍档案的；由主管部门责令改正；情节严重的，依法追究校长和相关人员责任。”及《云南省中小学生学籍管理办法实施细则》、《云南省教育厅办公室转发教育部办公厅关于进一步规范中小学生学籍管理相关问题处理的通知》（云教办函〔2016〕9号）、《耿马傣族佤族自治县关于进城务工和流动人口子女入学帮扶的实施意见》的相关要求，若要转学是必须转学籍档案的，不能“借读”(即不转学籍档案)。学校老师开学后向您提出办理转学手续，按要求把学生学籍转到该校，并不是有意刁难您或拒收您女儿到该校就读，而是按国家的相关规定向您提出来的，若您不转学籍，则违反了中小学生学籍管理相关规定。希望您能积极配合。感谢您对教育工作的理解和支持！如您对以上解释有疑问，请致电咨询县教育局，联系电话：0883—6122423。如对此答复意见不服，可30日内向上一级行政机关提出复查或走司法途径处理,回复时间：2018-12-27 11:21
农民工讨要血汗钱,已办理,城建 求助,交***,2018-09-0613:32,县委书记您好！我是来自昭通的农民工，于2013年至2015年9月份期间在耿马滨河家园三标做外墙涂料。至今还有50000右左没有拿到，当时说交房就算帐，如今房子都有人搬进去住了，之后多次讨要都以没钱为由。丢下家中年迈的父母和年幼的小孩不远千里来打工，为的只是养家糊口。如今我也想不出什么办法特向留言，希望有关部门帮我讨回血汗钱。谢谢！,中共耿马傣族佤族自治县委员会办公室,网民朋友：您好！您通过人民网《地方领导留言板》的留言收悉，现就您反映问题回复如下：针对您反映问题，我县城投公司安排工作人员进行现场核实，经联系滨河家园三标段负责人，已确认您在滨河家园三标段从事外墙涂料施工任务，进行劳务分包，因您目前不在耿马，无法进一步核实分包协议、领款及欠款情况，请您及时提供相关资料并到滨河家园现场核准工程量及金额后，县城投公司将督促滨河家园三标段负责人按照当事双方原签订的施工合同条款及要求执行，由滨河家园三标段将欠款支付给您。感谢您对我们工作的信任和支持！,回复时间：2018-12-27 11:10
公租房问题,已办理,城建 投诉,粉***,2018-08-0819:43,我想请问一下为何公租房我1年多了一直申请不到有的人却是一个星期就申请到了，而且还是在我后面申请的，我还想问一下为何房子不是分给有用的人，却是分给了一些有房子的人，分给他们他们又高价租给别人，请问就没人管了吗。,中共耿马傣族佤族自治县委员会办公室,网民朋友：您好！您通过人民网《地方领导留言板》的留言收悉，现就您反映问题回复如下：一、公共租赁住房相关政策根据《耿马傣族佤族自治县公共租赁住房管理办法（暂行）》（耿政发〔2014〕16号）的规定，在耿马自治县域工作、创业、居住的城镇中等偏下收入和低收入住房困难家庭、单身人士、新就业职工、外来务工人员、农业转移人口，符合下列情形之一的可以申请公共租赁住房：具有当地城镇户籍；在城镇稳定就业的当地农业转移人口；非当地户籍的外来务工人员、大中专院校毕业生，持有当地公安派出所核发的居住证，在城镇稳定就业的；县人民政府规定的其他情形。住房困难条件是指“申请人和共同申请人在申请地无私有产权住房（私有产权住房包括已签订合同未取得产权证的房屋），或在申请地人均住房建筑面积低于（耿马县城40平方米、孟定镇50平方米、其他乡镇30平方米）的家庭”。二、因退出而空置房源的申请事宜自2017年12月1日起因低保精准，县城四个保障房小区（阳光小区、馨安小区、幸福新城、滨河家园）相继有部份退出的房源。2017年12月21日县住建局发放通知并在“耿马县2017年第五期县城滨河家园公共租赁住房预分配”现场和县城公共租赁住房申请地点（县住建局住房保障股）进行粘贴，请有意向入住因陆续退出而空置的公共租赁住房的申请家庭提交书面申请，按申请各小区家庭的先后顺序对县城内因陆续退出而空置的公共租赁住房进行安排入住。同时，县住建局工作人员在申请人提交公共租赁住房申请书时，均会提示申请人是否有需求入住因退出而空置的房源。目前，县城内因陆续退出而空置的公共租赁住房房源已基本入住。三、转租清查工作开展情况为加强全县公共租赁住房小区后续管理，有效杜绝转租、转借等违规行为，县住建局分别于2017年4月28日、2018年8月31日对全县各公共租赁住房点下发《耿马县公共租赁住房违规转租清查的函》、《耿马傣族佤族自治县住房和城乡建设局关于对全县公共租赁住房违规转租进行清查的通知》，对全县范围内已入住的公共租赁住房小区开展公共租赁住房违规转租问题进行入户调查专项清查。按属地管理原则，各乡镇工作人员或小区物业管理人员，对已入住的房屋租赁户进行入户走访调查，因租赁户拒不承认转租、调查取证比较困难，并未查到有转租情形。如一经查实有转租行为，将按照公共租赁住房管理办法对其进行严肃处理。经核实，您户于2018年2月6日提交公共租赁住房申请书到我局，申请房源为滨河家园新交付使用的公共租赁住房，未申请县城内因陆续退出而空置的公共租赁住房。目前该小区正在抓紧配套工程的扫尾工作，待小区房源具备入住条件交付使用时，工作人员将按照你户公共租赁住房申请书中联系电话通知你本人，届时请你户在所通知时限内及时来办理公共租赁住房。如您有相关公共租赁住房方面问题，也可直接致电县住建局住房保障股（联系电话：0883—6128059）咨询。感谢您对我们工作的信任和支持！,回复时间：2018-12-27 11:15
奔小康,已办理,三农 建言,依***,2018-03-2610:37,耿马县人民政府 蒋书记 我们忙等村盖房子的富平干嘛不像那些村一样盖房子补贴才有一万 别处村民盖房子都是三四万？还有我们忙等村路烂了也没有说要修给  还有 有些人家路也没有做给,耿马自治县耿马镇人民政府,网民朋友：    您好！您通过人民网《地方领导留言板》的留言收悉，经实地核查了解，现就您所反映的问题回复如下：首先，您所指的1万元建房补助是2015年民宗项目中15户农户的安居房建设，每户补助资金为1万元。因芒蚌村芒等组没有建档立卡户，而您是非四类人员（四类人员指享受的政策：农村危房改造补助为2.7万/户，同时享受3万元的贴息贷款，但建房面积不得超过人均18平方米），根据实地查看，您的住房不属于C、D级危房，故不能享受此政策。根据上级的相关要求，2017年4月份以前建设的房屋可以享受2万元/户的农危改补助政策，如您家建房符合相关建房补助政策，也可根据政策得到相应补助，不会区别于其他农户。    其次，您反映的“入户道路无人管”的问题与实际不相符。经查，芒等组属于第一批三村建设示范点，2014、2015年县委、政府安排了民宗项目投入活动室、硬板路、活动广场、太阳能路灯、公厕等各类基础设施建设，其基础设施已经基本完善，目前入组道路已经全部硬化。而且您家入户路以前本来已经是硬板路，但由于您三舅建房将原来的入户硬板路堵死，导致无法通行，经村组干部协调未果，于是决定对您家、您四舅家、您哥家的入户路进行改道，但由于村、组没有更多的集体资金建设硬板路，村组干部已经对入户路进行测量上报，并积极争取项目资金，争取早日开工建设，确保出行条件得到改善，希望您能理解。    如您对以上政策解释有疑问，请致电咨询县扶贫办，联系电话：0883—6121107。    最后，感谢您对我们工作的理解和监督！祝您生活愉快！,回复时间：2018-07-17 09:29
回家过年,已办理,其他 求助,缺***,2018-02-0917:23,尊敬的领导，您好！从5号至今又过去了几天，我们一直在耿马无尽的等待，每天都有工人打电话要钱，要运输费，材料费，今天星期五，到下个星期一就是12号了，离年30只有3天，我们现在山穷水尽，连每个工人发1000元的路费都没有，请领导帮助解决，别让辛！苦了几个月的民工，回不了家过年，。谢谢,县交通运输局,网民朋友：您好！    您通过人民网《地方领导留言板》给耿马县委书记的留言收悉，经查，你所反映事项为：修建孟定镇下城至别龙坡公路被拖欠工程款及农民工工资问题已经调解处理，现将有关情况回复如下：    一、由董某支付给农民工工资20万元，已于2月13日下午付清，县交通运输局监督付款。    二、其余工程款和农民工工资待春节后政府安排资金时董某必须先保证支付该项目所欠的工程款及农民工工资。交通  运输局负责监督好资金拨付到农民工手中。    感谢您对我县信访工作的关心、关注和支持！也希望您能继续给我们工作提出您宝贵意见和建议。祝您身体健康、生活愉快！,回复时间：2018-07-17 10:16
等着回家过年,已办理,其他 求助,缺***,2018-02-0522:09,尊敬的领导，您好！新年快到了，在此提前祝您和您家人新年快乐！我是在耿马县孟定镇，下城至别龙岥公路，支线，及山头寨村委会公路的农民工，快过年了这里还有几十名工人等着工资回家过年，今天我们去交通局询问，交通局说县财政还没有拔款下来，离过年只有十天了，请领导帮助过问一下，让民工能及时回家过年，谢谢，,耿马自治县交通运输局,网民朋友：您好！    您通过人民网《地方领导留言板》给耿马县委书记的留言收悉，经查，你所反映事项为：修建孟定镇下城至别龙坡公路被拖欠工程款及农民工工资问题已经调解处理，现将有关情况回复如下：    一、由董某支付给农民工工资20万元，已于2月13日下午付清，县交通运输局监督付款。    二、其余工程款和农民工工资待春节后政府安排资金时董某必须先保证支付该项目所欠的工程款及农民工工资。交通运输局负责监督好资金拨付到农民工手中。    感谢您对我县信访工作的关心、关注和支持！也希望您能继续给我们工作提出您宝贵意见和建议。祝您身体健康、生活愉快！,回复时间：2018-07-17 10:09
公租房费用收取依据和规定,已办理,城建 咨询,人***,2018-01-0215:29,我们在党和政府的帮助与关怀下住进了公租房，甚是欣慰！在此对党和政府作出的贡献与辛苦表示万分感谢！搬进新家各种烦恼事接踵而来……机动车停车费到底该交不交？交多少？缴费后停车是否有安全保障？电动车是否也要缴停车费？水费？电费什么价格？对以上这些规定的相关文件是否可以在小区张贴公告！目前已经出现停车收费(业主和物管之间不和谐)。,耿马自治县住房城乡建设局,网民朋友：您好！    您通过人民网《地方领导留言板》的留言收悉，现就您反映问题回复如下：    经查，您现已入住允相花园广场公租房，申请人为您的妻子。根据《艾叶小区前期物业管理合同》，孟定艾叶小区由耿马县城乡建设投资公司聘用双江和馨物业公司进行物业管理；根据《耿马县锦绣•允相花园广场2012年保障性住房建设项目前期物业管理（第一合同包）物业管理服务合同》，孟定允相花园由云南省城乡建设投资公司公开邀标并聘用中标单位普洱圣合物业公司进行物业管理。    2017年12月8日，县住建局相关业务人员已对孟定艾叶小区、孟定允相花园物业管理公司收费项目的相关标准和文件依据进行核实，并于2018年1月8日通知双江和馨物业公司（艾叶小区）、普洱圣合物业公司（允相花园）、省城乡投公司、县城投公司，特请相关部门高度重视此项工作，对其收费项目的相关标准和文件依据进行核实，对允相花园物业管理公司预收的垃圾清运费、摩托车、电动车等的相关费用，县住建局将进一步对接核实收费标准和依据。一经查实无收费依据将按相关规定对允相花园物业管理公司进行整改。如您对我县公租房费用的收取依据和规定有任何疑问，可直接拔打电话0883—6128059进行咨询。    感谢您对我们工作的信任和支持！,回复时间：2018-07-17 09:33
关于2010年勐永镇龙潭山坡改梯修建的水窖,已办理,三农 求助,请***,2017-12-2212:54,尊敬的书记同志你好，我是勐永镇的村民；今天要和您反应的问题是我们勐永镇龙潭山上的水窖干枯问题。记得2010年我们镇上搞坡改梯把勐永城子村和新和村位于龙潭山的地全部坡改梯了，那个时候政府投入很大了财力物力，给我们修路通水。但是这么多年过去了这个地方的水窖都是干枯的，每家每户的地里都压通了水管但是没有水。这让我们种地很困难，作为农民种地就是靠水吃饭的。既然国家投资了那么大的力度希望书记能够看到帮忙解决一下问题。因为这里有着1-2万亩的土地需要水。,耿马自治县勐永镇,网民朋友：您好！    您通过人民网《地方领导留言板》的留言收悉，现就您反映问题回复如下：    经核实，您所反映事项为2009年实施的勐永镇勐永村、新和村土地整理开发（补充耕地）项目。该项目于2009年9月，经临沧市国土资源局《关于耿马县勐永镇勐永村、新和村土地整理开发（县级占补平衡）项目入库的通知》（临国土资〔2009〕594号）下达项目入库通知，该项目于2009年11月开工建设，2010年6月完工，2011年12月19日，市国土资源局组织并通过了项目验收(临国土资〔2011〕564号)。    项目验收后，群众在使用过程中遇到一些困难，加之村、组对项目管理不到位，又无专项管护资金，部分沟渠、管道年久失修、缺乏管护，破损严重。特别是群众在项目区内大面积种植甘蔗，对用水需求不高，个别群众对设施进行了破坏，造成有的水管丢失、有的地方塌方、堵塞，导致水管不通水、水池无水。    下步工作中，勐永镇将积极向上级相关部门争取资金，对整个项目进行修缮，并组织村、组群众认真做好项目区设施的管护工作，确保整个项目发挥成效。     感谢您对我们工作的信任和支持！,回复时间：2018-07-17 10:11
年底是否还有公租房审批,已办理,其他 咨询,C***,2017-10-2707:32,尊敬的领到，你好，我想咨询一下年底之前，是否还有公租房审批，谢谢,耿马自治县住建局,网民同志：您好！您通过人民网地方领导留言板给耿马县委书记的留言收悉，耿马自治县住建局高度重视，现将有关情况回复如下：网民朋友：您好！您通过人民网《地方领导留言板》的留言收悉，现就您咨询问题回复如下：经核实，耿马县县城滨河家园保障房项目由县城投公司进行建设，自2011年以来，县住建局积极督促县城投公司进一步推进滨河家园保障房建设、管理、竣工验收及交房的相关工作。一、二标段是楼梯房，已于2016年分配入住；三、四标段是高层建筑，于2017年3月25日由临沧市质监局进行电梯工程初验并提出整改意见，县城投公司积极进行整改，至2017年6月验收通过。2017年7月26至27日，县住建局对滨河家园进行第二批预分配工作；2017年8月至10月，已对滨河家园第一批和第二批预分配家庭视房屋整改情况分批通知入住；2017年11月8日至9日进行滨河家园分配入住工作。您的公租房申请书于2017年9月5日交至县住建局住房保障股，已于2017年11月6日电话通知分配入住相关事宜，您可按分配入住流程进行办理入住手续。如您还有关于公租房方面问题咨询，可直接致电县住建局住房保障股办公室咨询，联系电话：0883—6128059。感谢您对我们工作的信任和支持！感谢您对我（省、州、市、县）   工作的支持与理解，祝您身体健康、生活愉快！,回复时间：2017-12-02 01:14
入城口大白马雕像建议改进！,已办理,城建 建言,晴***,2017-09-2915:23,尊敬的领导，入城口大白马雕像不够大气，太小，太小，建议改进！例如双江，沧源县标都比较大气。白马它是县标，也是我们耿马的的名片，一进城就可以看见，我个人建议那八匹骏马应该做大做雄伟些！,耿马自治县文化体育广播电视旅游局,网民同志：您好！您通过人民网地方领导留言板给耿马县委书记的留言收悉，耿马自治县文化体育广播电视旅游局高度重视，现将有关情况回复如下：网民同志：您好！ 您通过人民网《地方领导留言板》的留言收悉，现就您提出意见建议回复如下：经核实，2016年12月至2017年5月，耿马傣族佤族自治县文化体育广播电视旅游局先后三次征求相关部门意见建议，对《耿马傣族佤族自治县羊耿线入城口文化景观雕塑设计方案》进行了反复修改完善，最终确定了设计方案。2017年5月至7月，耿马傣族佤族自治县文化体育广播电视旅游局办理完善了审批、环评、招标、报建等手续。该项目于2017年6月实施土建工程，截止2017年8月中旬，完成了土方开挖、场地平整、主体雕塑挡墙、主体雕塑基坑等土建工程。于2017年8月中下旬实施主体雕塑工程，截止2017年10月底，主体雕塑基座、白马基座焊接安装、浮雕石和白云安装、八匹白马的定位和安装已全部完工，现在正在实施小广场场地装修；绿化、灯光和人行道路修建等工程， 2017年11月底全部完工。如要重新定制和加大白马，造价会高于现在的价格，加上重新设计和制作雕塑、拆除现完工雕塑、材料损失及工人工资等计算，势必会造成巨大的资金损失。综上所述，建议不对雕塑设计进行修改和重建。感谢您对我县市政建设的关心、关注和支持！也希望您能继续给我们工作提出您宝贵意见和建议。感谢您对我（省、州、市、县）   工作的支持与理解，祝您身体健康、生活愉快！,回复时间：2017-12-29 01:14
耿马公租房什么时候交房？,已办理,城建 咨询,风***,2017-06-1517:37,尊敬的蒋书记，你好。我是云县来耿马上班的一名普通工作人员，作为外县来的人，住房成了最大的问题，刚来耿马就提交的申请公租房的申请书，但已过了3个月，房子已经建好，但是迟迟不肯交房，我也不知道是什么原因。和我一样外县来的年轻人还有很多很多，希望蒋书记在繁忙的工作之余，关注一下耿马公租房的问题。,耿马自治县住建局,网民同志：您好！您通过人民网地方领导留言板给耿马县委书记的留言收悉，耿马自治县住建局高度重视，现将有关情况回复如下：经核实，耿马县城滨河家园保障房项目由县城投公司进行建设，自2011年建设以来，县住建局积极督促县城投公司推进滨河家园保障房建设、管理、竣工验收及交房的相关工作。一、二标段是楼梯房，已于2016年分配入住；三、四标段是高层建筑，于2017年3月25日由临沧市质监局进行电梯工程初验并提出整改意见，县城投公司积极进行整改，至2017年6月验收通过。目前，滨河家园保障房第一批预分配已于2017年7月12日开始分批通知正式入住；第二批预分配工作已于2017年7月26日至27日进行；预分配后视房屋整改情况分批通知入住。 您户公租房申请书于2017年4月15日交至县住建局住房保障股，已参加2017年7月26日至27日进行的2017年滨河家园保障房预分配，预分配自选房号为9栋1006号房，待收到县城投公司入住通知后即可入住。如您还有关于公租房方面问题咨询，可直接致县住建局住房保障股办公室咨询，联系电话：0883—6128059。感谢您对我们工作的信任和支持！,回复时间：2017-09-12 14:55
我家路不通,已办理,交通 求助,匿***,2017-05-0910:13,我家在耿马县勐撒农场，人家的路家家通畅，我家的路都被别人占领，无法通行，之前到农场房管所说过，到现在还没有得到解决！应该找哪个部门？,耿马自治县勐撒农场管理委员会,网民同志：您好！    您通过人民网《地方领导留言板》的留言收悉，现就您反映问题回复如下：    经查，您家门口路面左方是王某家围墙，右边是冉某管理的茶叶地，2012年您家为进出方便，自己进砂石铺路，路面边缘用毛石做堡坎，2017年5月，冉某认为您家铺路做堡坎在其管理茶叶地边并未经其同意，便把茶叶地边缘毛石堡坎撬出，导致现在车辆无法通行。    根据调查核实情况，勐撒农场管委会已多次进行调解，冉某与您家均未能达成一致协议。为妥善处理好此问题，提出如下处理意见：由勐撒农场管委会安排相关工作人员现场对道路进行规划（路面宽度在2、5米，小型车辆能够通行）、修缮，施工费用由您家负责支付。如您同意处理意见，预计7月底铺通道路；如不同意该处理意见，建议您通过司法途径解决。    感谢您对我们工作的信任和支持！,回复时间：2017-06-19 10:32
关注百姓心生,已办理,其他 咨询,匿***,2017-04-2113:26,尊敬的领导，你好！我是孟定攀花水移民的一农民，想咨询一下领导我们移到攀花水己三年之久了，我们移民有一合同书上写有后期扶持政策和生活补注，就是想咨询一下领导这个生活补注费是怎么发放的？已有两年了没提过这事了还有地震那一年说是补注每户三千元钱，后说是五百元了，村上都有把卡号也记去了，己两年了也未见政府或移民局提过希望领导能注视一下这些款项的去向谢谢！,耿马县孟定镇,网民同志：您好！    您通过人民网《地方领导留言板》的留言收悉，现就您咨询问题回复如下：    一是移民后期扶持问题。经孟定镇社会事务办公室和移民安置办公室深入贺海村及移民安置点庆定新村调查核实，孟定镇庆定新村移民于2015年5月搬迁入住，庆定新村移民每年每人600元的后期扶持资金于2016年开始享受，死亡人口不得享受后期扶持费，从2017年 1月份开始核减。根据（国发〔2006〕17号）文件和相关政策，从搬迁安置结束次年起，在册移民按每年每人600元标准享受后期扶持政策，扶持年限20年，逐年兑现。目前，耿马县移民局正在对庆定新村移民人口进行核对，将督促有关部门尽快兑付2016年度、2017年第一季度庆定新村移民后期扶持补助金。     二是“3.01”地震补助问题。经查，2015年“3.01”地震时，庆定新村移民正在建房期间，未搬迁进点，移民人口户籍未转入孟定镇，未纳入补助范围。     如您还有关于移民方面问题咨询，可直接致电孟定镇社会事务办公室和移民安置办公室咨询，联系电话：0883—6516479。     感谢您对我们工作的信任和支持！,回复时间：2017-06-19 10:32
楼房,已办理,城建 咨询,匿***,2017-04-1113:28,我看见宏博周围的都不建了，难道要把快建设好的楼房放弃不建了吗？,中共耿马县委办公室,网民朋友：    您好！您通过人民网《地方领导留言板》的留言已收悉，现回复如下：    因您在留言中反映的信息不全，且多次与您电话联系均无法联系上，给调查核实工作带来很大难度。如您还需对此问题继续反映，建议您完善相关信息资料，以便进行进一步调查处理，也可直接向县委、县人民政府信访局反映，办公电话：0883—6129970，传真：0883—6125530。非常感谢您对我们工作的关心和支持！,回复时间：2017-05-03 15:50
检审求助,已办理,交通 求助,匿***,2017-03-0320:30,你好，我是外地的！今年三月份去检车，检车的人说我牌照有点花需要重新办一个临时牌照，由于我是外地的所以要居住证。可是居住证已经停办了！说是要改革！现在车子马上要到期。我该怎么办？,耿马傣族佤族自治县公安局,网民朋友：    您好！    您通过人民网地方领导留言板给我的留言收悉，您反映“关于您今年3月份检车时，因牌照有点花需要办理一个临时牌照，但由于您不是本地人需要居住证”的问题，已责成县公安局核实办理。现回复如下：    经核查，您到耿马自治县公安局孟定派出所办理《云南省居住证》时，接待民警已根据相关规定告知您，可先行办理居住证明，待相关改革文件下发后，再办理居住证。同时，孟定派出所民警与您沟通联系，目前您的车辆已委托卖方完成车检，您所反映的问题已得到妥善解决，无需办理临时车牌，也暂时不需办理《云南省居住证》。    如您还需咨询了解其他事项，欢迎直接与耿马自治县公安局联系，联系电话：0883—6128804。同时，也可以向耿马自治县信访局电话反映，联系电话：0883—6129970。    感谢您对我们工作的信任和支持！                                                                      中共耿马自治县委书记  蒋世良                                                                                                   2017年4月11日,回复时间：2017-04-11 09:11
孟定镇下城国门学校门口大青树脚正在进行占道性,已办理,交通 投诉,匿***,2017-02-2016:26,耿马县孟定镇下城国门学校门口大青树脚正在进行占道性违建施工，势必形成正在建设的“孟定—沧源”二级公路新的“肠梗阻”，还将阻挡住我校佤族寨、允养寨等村子的小学生来学校和回家的人行道，建议去阻止施工。,中共耿马县委办公室,网民朋友：    您好！您通过人民网《地方领导留言板》的留言已收悉，针对您反映的问题已责成孟定镇调查处理，现回复如下：    经孟定镇“两违”整治办实地巡查，未发现你反映的孟定镇下城国门学校门口大青树脚有新占道性违法建设施工现场。鉴于您未明确具体宗地座落，未能发现所指该宗地，因您未留下具体的联系方式，也无法与您进行进一步沟通核实。如您还需继续就此问题进行反映，可直接向孟定镇“两违”整治办举报。（举报电话：0883—6518828）。    非常感谢您对孟定镇城市建设工作的关心和监督，今后我们将加大力度督促职能部门切实加强巡查，加大整治力度，杜绝“两违”现象发生。,回复时间：2017-05-03 15:57
小区建设测量等费用有住户承当有什么规定,已办理,三农 求助,匿***,2016-05-2009:35,书记你好：15/16年华侨管理区十一队规划建住宅小区，住户工程已在施工，最近管理区领导要求入住的住户交土地测量费和竹子补偿费每户共计900元，大多数住户认为该费用应由管理区承当，上交费用符合什么规定？是不是属于乱滩派？,耿马县华侨农场管委会,网民朋友：    您好！    您在人民网《地方领导留言版》上的留言，我已收悉，并及时转关部门进行了调查、督办和落实。现将相关情况答复如下：    经查实，您所反映的“收费”问题为华侨管理区华侨社区第十一居民小组易地搬迁新建点户均竹根清理移除费376元和宅基地测绘放线费500元，共计876元。    关于建房户户均376元的竹根清理移除费问题。华侨管理区第十一居民小组易地搬迁新建点竹林砍伐后，需及时清理移除竹根，但辖区的工程队均要求先支付清理移除工程款，才肯清理移除竹根。为有效解决易地搬迁新建点场地平整问题，经华侨管理区易地搬迁新建点工作组研究，提出拟由建房户先垫支竹根清理移除款，待管理区争取项目配套资金后再退还建房户，并征得建房户的一致同意。经居民小组理事会与施工方协商，确定竹根清理移除费用为18025元，分摊到48户建房户，户均376元。目前，该问题华侨社区已与施工方妥善协调解决，建房户不需垫支。关于建房户户均500元的宅基地测绘防线费问题。易地搬迁新建点场地平整后，需对建房户的宅基地进行测绘放线，但因手工放线误差大、精度底，群众不满意，工作推进困难。经华侨管理区与昆明金慧科技有限公司协商，按建房户每户500元的标准，由金慧科技有限公司安排技术员进行测绘放线。对此，华侨管理区成立工作组到华侨社区第十一居民小组进行了调查摸底，并召开建房户代表大会进行解释说明，明确由居民小组理事会协助昆明金慧科技有限公司收取。目前，30户建房户每户已自愿交纳500元测绘防线费，并经理事会交给昆明金慧科技有限公司。    衷心感谢您对我们工作的信任和监督，下步工作中，我们将以此为戒，督促各级各部门进一步转变工作作风，深入基层一线，充分听取群众意见和呼声，了解群众所思所想，深入、细致做好群众工作，最大限度地维护群众的切身利益。                                                                         中共耿马自治县委书记  蒋世良                                                                                   2016年11月14日,回复时间：2016-11-14 16:43
边疆分,已办理,其他 咨询,匿***,2016-03-2417:08,领导你好，我想咨询关于我边疆分的加分情况，我家2011年将户口转入耿马县，我在耿马就读12年，我可以得到边疆分吗？,耿马县委县政府信访局,   您好！人民网地方领导留言开通以来，由于有关工作未理顺，致使部分留言未能及时回复。根据上级要求，2016年8月以后，由各级信访部门负责处理网民给各级领导的留言，对于2016年8月前尚未回复的留言，由于时效问题，不予回复，请您谅解。如有必要，请重新留言，我们将认真处理。                              ,回复时间：2016-11-17 16:28
给小孩落户为何这么难?.,已办理,其他 求助,匿***,2015-12-1710:02,"本人与老公是异地结婚，今年十月底生了一个女儿，手续齐全，办理落户时需要老公家派出所开一个未落户证明，老公是四川宜宾的，他们四川省已经取消开这类证明，上网查了也有此规定，想去投诉也不行，我们这边又要，真是为难,我们又在外地打工，辞职回去办也不定办成，父亲在家到处奔波，我们也就是一个普通老百姓,又没关系，认识人，也有说弄个假的，可这是违法的，我们也不能做，只有求助你们了。",耿马县委县政府信访局,   您好！人民网地方领导留言开通以来，由于有关工作未理顺，致使部分留言未能及时回复。根据上级要求，2016年8月以后，由各级信访部门负责处理网民给各级领导的留言，对于2016年8月前尚未回复的留言，由于时效问题，不予回复，请您谅解。如有必要，请重新留言，我们将认真处理。,回复时间：2016-11-17 16:29
希望镇府领导照顾,已办理,其他 求助,匿***,2015-11-2411:03,我是复兴村的，我想问下县长，关于底保和扶贫为什么只有富人吃，我家那么穷为何从没得到国家镇府的照顾,耿马县县委县政府信访局,   您好！人民网地方领导留言开通以来，由于有关工作未理顺，致使部分留言未能及时回复。根据上级要求，2016年8月以后，由各级信访部门负责处理网民给各级领导的留言，对于2016年8月前尚未回复的留言，由于时效问题，不予回复，请您谅解。如有必要，请重新留言，我们将认真处理。,回复时间：2016-11-17 16:30
请领导查一下关于低保问题,已办理,政务 求助,匿***,2015-11-2411:00,我是复兴村的，自从国家有了低保，像我家这么困难为什么都没照顾过，反而生活好的都有照顾,耿马县县委县政府信访局,   您好！人民网地方领导留言开通以来，由于有关工作未理顺，致使部分留言未能及时回复。根据上级要求，2016年8月以后，由各级信访部门负责处理网民给各级领导的留言，对于2016年8月前尚未回复的留言，由于时效问题，不予回复，请您谅解。如有必要，请重新留言，我们将认真处理。,回复时间：2016-11-17 16:29
工商局是真正的为人民服务吗？,已办理,其他 求助,匿***,2015-08-0709:49,我是水果种植农户因买到三无产品，无生产日期、无生产许可证、无登记证号，造成损失约40多万，但在县工商局的说法中是合法的。多次强行拒绝我们送检并且还辱骂手无寸铁的老百姓，这算什么工商局。难道工商局都是这样执法的吗？所谓的文明，公正，公平在哪里？,耿马县委县政府信访局,   您好！人民网地方领导留言开通以来，由于有关工作未理顺，致使部分留言未能及时回复。根据上级要求，2016年8月以后，由各级信访部门负责处理网民给各级领导的留言，对于2016年8月前尚未回复的留言，由于时效问题，不予回复，请您谅解。如有必要，请重新留言，我们将认真处理。,回复时间：2016-11-17 16:31
工商局是真正为人民服务吗？,已办理,其他 求助,匿***,2015-08-0709:47,我是水果种植农户。我买到三无产品，无登记证号，无生产日期，无生产许可证。我在送检抽样的过程中，工商局强行拒绝。并且多次辱骂我手无寸铁的老百姓，这是工商局吗？所谓的，公正，公平，文明在哪里？,耿马县委县政府信访局,   您好！人民网地方领导留言开通以来，由于有关工作未理顺，致使部分留言未能及时回复。根据上级要求，2016年8月以后，由各级信访部门负责处理网民给各级领导的留言，对于2016年8月前尚未回复的留言，由于时效问题，不予回复，请您谅解。如有必要，请重新留言，我们将认真处理。,回复时间：2016-11-17 16:30
真是走投无路了,已办理,城建 投诉,匿***,2015-07-0116:17,书记你好，感谢您能在百忙之中看到我这位打工者的陈述，我是2013年在临沧市耿马县孟定镇凯雄房地产公司买的房(此项目为耿马县招商引资)，公司合同2014年3月交房。当初买房本想着是政府招商引资，应该不会出现烂尾楼，哪知道还是被坑了，而且被坑惨了，辛辛苦苦赞了十多年的钱，还不够首付，东凑西借好不容易把首付凑够了，结果还是被套进去了，为此家里就经常吵架，家里有老有小，房子没到手，每个月还得付4000多元月供。公司一年多没开工了，300多户业主们找房地产公司找不到人，找当地政府给予我们的回答是不属于他们管，找县信访办回答是程序不符合，打电话到市信访办回答是他们也管不了，告诉我们找房产商，业主们真的无路可走了，望省委书记为我们老百姓做主讨个说法，让房地产商尽快完工交房或者追回我们的血汗钱，业主感谢万分。,耿马县委县政府信访局,   您好！人民网地方领导留言开通以来，由于有关工作未理顺，致使部分留言未能及时回复。根据上级要求，2016年8月以后，由各级信访部门负责处理网民给各级领导的留言，对于2016年8月前尚未回复的留言，由于时效问题，不予回复，请您谅解。如有必要，请重新留言，我们将认真处理。,回复时间：2016-11-17 16:31
办理户籍,已办理,三农 求助,匿***,2014-05-0313:40,尊敬的领导你好！   我是山东省威海市文登区葛家镇东于村村委员有件事请领导帮忙我们村有一位妇女是你们耿马县孟定镇丘山村六队尹小三她到我们村居住有十多年了至今已经结婚没法办理户口她现在生活非常困难因为她以前身体不太好最近一年住院多次丈夫也是一个残疾人一家人的生活很困难所以村里想把他们纳入低保但是她没有户口老人养老费和低保都没法办理2013年在你们本地办理了户籍证明由于她身体不好在住院把这个事情耽误了上面有规定一个月的办理期没能办理三月份打过孟定镇派出所的电话也不知为什么不给办理望领导帮帮忙！,耿马县委县政府信访局,   您好！人民网地方领导留言开通以来，由于有关工作未理顺，致使部分留言未能及时回复。根据上级要求，2016年8月以后，由各级信访部门负责处理网民给各级领导的留言，对于2016年8月前尚未回复的留言，由于时效问题，不予回复，请您谅解。如有必要，请重新留言，我们将认真处理。,回复时间：2016-11-17 16:32
