网络授课退款难之北风网退款难，请求帮助,待回复,教育 求助,W***,2019-11-1917:00,尊敬的领导人，您好，近期有一个退款难题让我进退两难，特此，请求帮助～本人于2017年12月27日许浏览上海创网络科技有限公司旗下北风网官网，在其销售部专员的引导下购买了《unity3D、VR-虚拟现实、AR-增强现实》一课程，共计学费为10000元整。缴纳学费之后，由于工作时间忙，有退课想法，而销售告诉我，可以先休学，什么时候想学了再开课，并且本公司是签合同后才正式上课，故而听从导购的建议开了休学处理，只是加入了预科班，并没有接触到任何有关学习资料。也未成签成正式开课合同。之后在2018年，本人多次申请退款无果，其中的值班老师就以北风网言明不让退款，只能无奈接着休学。今年11月，在家人的建议下我无奈的发起了12315网络投诉，12315接受投诉后协调无效，商家拒绝退款，又以聚投诉等平台投诉，只希望有部门能帮助协助退款。至今各种投诉已经十数天之久，依旧毫无进展，希望上海的领导人们能够给予帮助，协助退款。由于刚毕业没多久，一万块也是一笔巨款，压的个人生活困难。只希望，有人能够帮助一下。,,,
请加强绿地的人为管理,待回复,城建 建言,k***,2019-10-2917:19,领导好，恳求领导督办西藏北路中兴路口的中兴公共绿地的噪音管理！这也是几乎上海所有绿地的通病了，本来大力建设绿化是一件非常利民的好事，但是绿地只有建设，没有管理反而会把绿地变成一个麻烦，让住在绿地周围的居民饱受各种噪音的煎熬苦不堪言！自从有了扩音器这个东西，广场舞，萨克斯还有卡拉ok的噪音污染已经成为几乎每个绿地的投诉点，各大媒体也都有报道但是仍然没有解决这个全国性的问题。针对中兴绿地，宝山派出所和街道也有过联合执法，但是执法过后每次都死灰复燃，公安一次次接到举报后前往也只能劝阻，离开后依旧无效，而公安不可能一直蹲点在那里，这样根本治标不治本还浪费了警力。所以，请求领导可以督办一个长效的管理机制，虽然是公共绿地，但也需要值班管理员，也需要管理条例来规定哪些行为是不允许的，及时制止扩音器的使用，而不是由公安一次次跑的短暂劝阻。而把绿地当自己家的老年人们他们唱歌跳舞其实也是有这个需求，但是没有掌握分寸，造成了扰民。那我们在不停造露天绿地的同时能不能也考虑下隔一个区域建他们的活动室，并规定他们在有隔音的场所里活动，把绿地还给喜欢清净接近自然的其他人，互不影响。希望中兴绿地可以有整改有改善！,,,
建议增设公交站点,待回复,交通 建言,圣***,2019-10-2614:34,恒丰路立交桥北居民小区多，居民南向过桥沿长寿路西行去曹家渡方问的公交车仅有966一部车，搭乘该车要沿芷江西路步行较长一段路，其间还要穿过普善路，居民出行很不方便。建议：966路在路经芷江西路接近沪太路口的地方增设一个站点，这样就可以大大方便居民出行了。况且966路本身这一站距离就已过长，中间设点无需绕道和增加行车距离。再则就是966路的运营时间能够延长，班车间隔时间能够缩短就更好了，谢谢！,,,
金融街融府车位问题,待回复,城建 求助,W***,2019-10-2515:45,金融街融府，售房时所有口径（宣传册、销售人员、官方公众号）均称户数与车位配比1:1.2。现《销售方案备案证明》（静安房管（2019）第20190282）中实际可售数量441个，并存在如下问题：1、依据《建筑工程交通设计及停车库（场）设置标准》（DJ/TJ 08-7-2014）（J 10716-2014），可售车位中35个为不合格车位（89/119/120/121/159/173/174/226/227/228/244/245/246/249/287/288/289/290/303/370/371/404/418/419/440/446/460/461/462/467/476/479/492/493/494）；2、30多个子母车位在销售中按照 2个车位计算，而实际只能有一个产权人。 综上，小区内共501户=445套商品房+56套人才公寓，配比（441-35-15）/501=0.75车位比严重不足，对全体业主权益构成侵害。此外，开发商售房时未告知小区内将有52个车位作为对外社会配套车位，并且这些车位与小区业主共享车库，人员可通过车库出入小区，欺诈业主的同时，对小区安全也构成严重威胁。 诉求：要求市区房管部门、市场监督部门、消协等相关部门介入，暂停融御置地有限公司销售行为，并对车库销售备案方案启动审查程序，彻查问题，责成开发商给出解决方案，保护小区业主和消费者合法权益。,,,
金融街融府开发商欺诈销售,待回复,城建 求助,W***,2019-10-2512:53,金融街融府，售房时所有口径（宣传册、销售人员、官方公众号）均称户数与车位配比1:1.2。现《销售方案备案证明》（静安房管（2019）第20190282）中实际可售数量441个，并存在如下问题：1、依据《建筑工程交通设计及停车库（场）设置标准》（DJ/TJ 08-7-2014）（J 10716-2014），可售车位中35个为不合格车位（89/119/120/121/159/173/174/226/227/228/244/245/246/249/287/288/289/290/303/370/371/404/418/419/440/446/460/461/462/467/476/479/492/493/494）；2、30多个子母车位在销售中按照 2个车位计算，而实际只能有一个产权人。 综上，小区内共501户=445套商品房+56套人才公寓，配比（441-35-15）/501=0.75车位比严重不足，对全体业主权益构成侵害。此外，开发商售房时未告知小区内将有52个车位作为对外社会配套车位，并且这些车位与小区业主共享车库，人员可通过车库出入小区，欺诈业主的同时，对小区安全也构成严重威胁。 诉求：要求市区房管部门、市场监督部门、消协等相关部门介入，暂停融御置地有限公司销售行为，并对车库销售备案方案启动审查程序，彻查问题，责成开发商给出解决方案，保护小区业主和消费者合法权益。,,,
关于小区蜂巢快递柜及电瓶车充电装置等事宜的求,待回复,城建 求助,y***,2019-10-1414:11,尊敬的区长您好：我是中兴路571弄1号中鸿大厦2楼居民，今天打扰您主要是有三个问题想求助，第一是我们小区自美丽家园工程后，在小区内设置了蜂巢快递柜，安装的位置就在我家朝西的房间楼下，每天晚上被来来往往取快递的嘈杂声以及清脆的快递箱关门声搅得不胜其烦(即便是在另外一个朝南房间内也能清晰地听见）；第二我们家楼下就是物业办公室，也是美丽家园后，物业外墙设置了电瓶车的充电装置（等于我家内阳台的外墙下面就是充电装置），感觉对我家的安全造成了相当大的隐患；第三件要向您求助的也是因为美丽家园工程进行时，损坏了我家的遮雨棚，后来跟街道反映后给免费重新安装了遮雨棚，但是安装的遮雨棚的材质非常劣质，每次下雨，雨水滴落其间，声音之响，让我曾经整夜失眠。三件事情的出发点都是为民办事，但是对我们这样个别家庭实在是造成了比较大的影响。因此思虑良久，我还是想来求助，占用您宝贵的时间，并给您带来的麻烦我十分抱歉。请求能得到您的帮助。不胜感激！,,,
本人举报上海XX医疗美容医院12315不予受,待回复,医疗 投诉,受***,2019-10-0816:52,1、本人为上海XX医疗美容医院受害者，并提供了该医院虚假广告宣传的相关证据向12315举报，处理的单位是上海市静安区昌平路655号江宁路市场监管所，我等待了半个月等来的却是不予受理，理由很含糊，是对方提供相关证明材料，我举报的内容该医院根本提供不了证据，12315管理部门迟迟不处理给到该医院删除了大部分的虚假宣传的机会，希望上级领导为民做主，感谢万分,,,
鑫鑫大酒店服务质量差，管理态度要改善,待回复,旅游 投诉,y***,2019-10-0813:40,       反映静安区鑫鑫大酒店（共和新路4710号）服务质量差，首先客人包房吃饭自带茶叶要求服务员泡壶茶被拒，理由是酒店规定的，其次，客人还未用餐完毕，就要求结账并收台面了。 这样的酒店服务，已严重地侵犯了消费者的权益。      希望有关部门给消费者维权，并加强对该酒店的管理，以良好的形象迎接第二届进口博览会的顺利举办。,,,
受伤求助,待回复,治安 求助,古***,2019-08-2314:54,于区长您好：2019年8月11日，恒通路268号凯德星茂B1层，由于未及时清除地上的油渍完成本人滑倒，20分钟内没有任何商场人员出现前来，直到报警后警察同志赶到，才相继有人出现，本人自己拨打120前往就医，商场无人负责，后续CT和MRI诊断结果软组织挫伤和少量积水随访，工作自然停下，期间从摔倒送医至今没有任何电话询问和关心，一位保洁部自称负责人的肖女士在送医后来到医院让我把当天所有病例交给她，说去给保险公司做理赔，之后凯德一位叫王*的经理经过电话沟通，告知8月21日下午13时30分在凯德星贸6层商量后续处理理赔事宜，我在13时20分准时到达，由于脚部疼痛，由妻子陪同前往，凯德出席人员直到14时才来，本人诉求医药费实报实消，同时因滑倒摔伤导致误工费需要商场赔付，王*经理作为凯德全权代表，一位保洁公司负责人，还有一位保险公司业务员在场，凯德星贸的王*经理表述全部委托给人寿保险公司的业务人员处理，凯德全部根据保险要求，不做任何关于人道解释，并且本人携带了实际收入的工资流水以及正当收入流水凭证给到保险公司业务员，这个时候王*经理开口说不能接受我提出的关于误工费的理赔，理由是保险公司无法认可，因此凯德也没办法认可，协商未果，保险公司提出做一份备忘录，我表示认可，考虑正规操作要求凯德给我一份公司抬头纸的纸张便于双方明确备忘录，被强烈拒绝，只是没想到变成了暴力恐吓群围事件，因为双方对抬头纸的争辩，从办公室冲出5到6名凯德星贸的员工，一名工作人员(肇事者)直接面对我，和我不断强调就是没有，我提出我和王*经理在处理事情，如果相关可以坐下来说，不相关人员就不要影响我们的协商，这个时候这名工作人员就用手指着我，瞪大了眼睛冲着我吼叫，凶相毕露，对方有5、6个人有拉有推有劝，我只能后退，就在这个时候，我的脚被他踩到了之前伤到的部位，疼痛难忍，只能坐在地上，这时所有凯德工作人员全部散开，我妻子电话报警后警察到场，问遍所有人包括在场的保洁和保险公司人员却无法找到这位工作人员，因为疼痛我无奈拨打120就医再次查看伤情，回天目西路派出所后，将自述交给当值警察，直至此时肇事的工作人员依然没有出现过。写给领导，实属无奈，当面对这样情况发生时，面对这样的企业和这样的工作人员，社会的人道主义，社会的良知以及最基本的人与人的沟通问题的准则都不顾，以人多欺负人少的恶性相向，协商不成二次伤害，很痛心被这样的对待和戏弄，希望得到领导的帮助。还一片和谐,,,
居民区野猫泛滥，传播跳蚤，咬伤小孩,待回复,环保 求助,C***,2019-07-1618:49,本人家住上海市静安区虬江路上的城上城小区，近一两年来野猫大量繁殖，白天走进车库随处可见，夜间更是成群结队。小孩现在都不能去小区绿地里玩耍。周边其他小区也是饱受野猫噪音屎尿侵扰，居民也多次与爱猫人士起冲突请政府尽快扑杀抓捕无主野猫，同时敦促物业严加管理，告诫那些喜欢喂食野猫的人要么接回家养要么不要喂食。,,,
百年企业雷允上欺负百姓，异味长期困扰扰居民。,待回复,环保 求助,姚***,2019-07-1511:26,尊敬的区长您好，我是记住在康定路716弄的一位居民，从今年3月起，上海市静安区康定路上的雷允上大药房传出阵阵恶臭，期间多次想12345、环保局、恒德里居委会、江宁街道以及雷允上西区本部反应沟通均未果。对方表示自己是国有优秀老企业不怕任何的举报投诉以及官司。作为一名普陀的居民实在无力和这样的企业抗衡，家中有老人有小孩已被异味影响道身体不舒服，希望区委领导可以帮忙沟通还居民一个正常点生活环境,,,
刑释人员的无奈与诉求,待回复,城建 求助,山***,2019-06-2009:20,因服刑，户口曾经注销，2018年申请了廉租房与经适房市住建委表示可以累计入现户籍时间与上海户籍时间，但在区复审时俞姓人员表示下可累计，请于老师帮助我解决一下实际困难，三个人住在实际居住面积14.5平米的房子，谢谢您。,,,
群租隐患多，莫让惨剧再次发生！,待回复,治安 求助,z***,2019-06-1216:24,静安区广中西路818弄某户，存在着以上多人居住且涉嫌群租或居改非的现象。该小区为1995年开始使用的售后公房，年代久远且房屋质量较差，居住者多为老人及外来务工人员租住于此。该小区3号402室内设双层钢丝床6张，居住人数为6-8人，常年出租给大宁潮府酒店的服务员为其集体宿舍，该地区派出所、街道综治办、居委会多次上门了解情况，并也有邻居多次致电12345投诉，但此现象均未有好转。    首先，因为酒店服务员的工作性质特殊，每日下班时间较晚，回到家中已是深夜，极易对周围居民的正常作息造成影响。其次，该房屋内的设施简陋，近乎于毛坯房，长期有如此多的人居住于此，极易造成火宅等隐患。再者，该房屋内人口流动性大，外来人员较多，如此一来，很容易有不法人员混入，对周围住户的生命财产安全造成了极大的影响。    将企业的集体宿舍设于居民小区内，本就违法且隐患较多，为了人民生命财产的安全，往领导百忙之中予以关注，万分感谢！,,,
静安区老闸北幼升小按房产份额录取意见,待回复,教育 建言,匿***,2019-06-0615:09,于区长：您好！我是今年2019年幼儿园大班学生的妈妈，正面临小孩幼儿园升小学报名。我们一家三口因经济条件有限，没有能力买房，故与爷爷奶奶一起居住。小朋友从出生就报户口都在爷爷奶奶的房子中，我也因结婚后迁入其中。一家三口的户口均已超过7年以上。今年小朋友报小学，对口静安区闸北实验小学，其招生简章贴出要求，1、一家三口户口均满足2年以上；2、儿童或父或母为产权人。根据以上两条硬性条件，我们三口之家的户口均满足要求。但5月18日报名验证时，闸北实验小学通知因为三口之家房产份额共3%，不满足招生要求，让我们进行统筹。我现在无法理解，国家教育招生难道不以户口为主，以房产为主？其他家长因为有能力买房，但户口不满两年的就可以入读，一个报出生，土生土长在对口小区的小朋友，因为爸爸妈妈没有能力买房，和老人一起居住，影响我们下一代对口小学就读？我公公婆婆就一个儿子，在他们还没有百年的时候，为了第三代读书，难道叫我们夫妻两个抢老人房产？虽然教育局统筹就近，但是一个离家只要走路10分钟都不到路程的学校，却因为我们没有能力买房导致小朋友和老人要去往3km的学校就读？今年学生就读学校多，难道就不能按照三口之家户口年限排名，而非要按照房产份额排名？希望于区长，能了解情况，是否可以调解招生以房产为主要条件的情况，合理的按户口年限为主。让我们经济条件差的群众，也能正常的就近读书，谢谢！,,,
从台湾刚到上海工作却被诈骗9400元,待回复,治安 求助,王***,2019-05-1616:46,区长您好：我是从台湾到上海工作的台湾居民，刚到上海租房，却被骗了9400元人民币，当时透过仲介介绍租房，合同已签好，押一付三当场付了9400元人民币给房东，要入住当天，房东却通知我他是二房东，房东不允许入住，我不能搬进去，本约好隔天要约时间还给他钥匙和合同，他退费给我，但到当天却不接不回，4/29我即刻报案，上星期去找警官了解案情，警官告知我并不知情这个案情需了解后回覆我，但至今渺无音讯。我从台湾过来，因认同大陆对台湾的友好，亦觉得这边的人非常友善，但一来却遭遇被骗，联络派出所亦大都没人接，警官亦找不到人，唯一找到的一次是警官告知我等候通知，我实在不知道该怎么办，我相信上海是一个有法制、效率极高且文明的城市，请问市长我该怎么办呢？如果这个案子让我对大陆法制感受到正面的评价，我回台湾一定会帮忙宣传大陆的好，能否帮帮忙呢？谢谢您,,,
以前的联建房找不到单位证明 ,待回复,城建 求助,h***,2019-04-3013:36,以前家里老房子是联建房 现在需要以前的单位证明 可是单位不在了 找不到你希望能区长给我们个忙助或者提示 谢谢,,,
静安区三泉路517弄脏乱差,待回复,城建 投诉,W***,2019-04-2507:33,三泉路517弄小区3号门口2年前启动美丽工程拆除违章建筑，现在违章已经拆除两年但后期工作没有跟进，天气马上就要热起来了蚊蝇滋生，灰尘满天，已经和居委物业反应，但没得到很好的答复，本来物业答复说房屋大修的时候一起弄现在房屋大修已经完成一年多小区都铺上了沥青唯独此处没有处理，希望领导能够帮助居民解决生活难题，谢谢！,,,
保护建筑边围墙违规破墙开门,待回复,城建 投诉,y***,2019-04-2507:30,静安区区长于勇（代），你好：   静安区陕西南路30号市优秀保护建筑马勒别墅左边围墙有违规破墙开门，违规开店现象。 违法私自改变和破坏市优秀保护建筑结构，破坏了老建筑、市优秀保护建筑原来的面貌，同时也严重地违反了市优秀保护建筑的保护条例。     市优秀保护建筑一’‘失管’现象，需加以有关部门重视。 ​​​​,,,
三泉路临汾路口小花园噪音扰民,待回复,环保 投诉,W***,2019-04-2410:36,三群路临汾路口小花园每天清晨老阿姨开始跳广场舞音量开了很大，晚上广场舞音乐加萨克斯加葫芦丝，居民没有办法只能屡次报警解决，但治标不治本过两天又来扰民，我们也不好意思经常麻烦警察同志，居民去寻找小花园管理人员他们说他们只管理环境浇花扫地的确实小花园环境的确不错但是希望领导能够帮助居民解决苦难简直就是日夜难眠！,,,
实体店质量问题,待回复,企业 求助,索***,2019-03-1318:51,领导您好，我在上海市静安区来福士广场购买了一台价值2399的一副耳机，现在出现使用问题，店家以开封为由不予退换处理，因为对于耳机真的是价值不低，我用了一个多月时间寻找帮助，最终都无果，现已发现三名受害者与我同类事件，还有很多同志也遇到同类问题，但是都已放弃，我是用血汗挣来的钱。我不想放弃,,,
医院门口一排商铺疑违章建筑,待回复,城建 投诉,y***,2019-02-2817:39,"     反映上海市静安区延安西路221号华东医院门口，一排商铺疑违章建筑，是否有合法建筑许可证，是否有产证。希望城管执法部门尽快去规土部门查验，而不是要医院方提供产证。如果是无证的违建房，希望有关部门要按照“五违四必“精神，对上处违章建筑依法予以拆除,让城市更加美丽。",,,
医院门口一排商铺疑违章建筑,待回复,城建 投诉,y***,2019-01-3015:08,"静安区区长陆晓栋，你好：    反映上海市静安区延安西路221号华东医院门口，一排商铺疑违章建筑，是否有合法建筑许可证，是否有产证。希望有关执法部门尽快去规划部门查验，如果是无证的违建房，希望有关部门要按照“五违四必“精神，对上处“公”字头的违章建筑依法予以拆除,让城市更加美丽。",,,
静安区昌平路888号工人体育馆网球场扰民多年,待回复,城建 投诉,N***,2018-12-1807:26,上海市静安区昌平路888号工人体育场内部网球场，与相邻居民楼一米之隔，早上7点至晚上10点，网球击打噪音及呼喊声极度打扰居民静修，曾出现打碎居民窗户，造成居民精神及安全困扰，多次投诉后无果，请问此设施建设是否违章，为何在居民生活场所出现盈利模式的网球馆，希望领导帮助解决，还居民生活安宁,,,
为了金钱利益，多棵20年树龄的大树被锯伐！！,待回复,环保 求助,绿***,2018-12-0308:14,"区长：您好！这几个月来静安区广中西路911弄小区某些工作人员借着建设“美丽家园”的名目，大肆毁绿，目前，小区已有十多棵20年树龄的松树被锯伐，其他的如桂花、广玉兰、栅花树、桔子树等难逃厄运！！三天前回家发现有香樟树被锯伐，空气中弥漫着浓浓的香樟树香味，整整二天不散！这是这些20年树龄树木发出的沉默的控诉！！11月29日晚发现处于小区中心花园地带的三棵高达六七楼高的松树又被锯伐了！！这些大树都是1998年小区建成时种下的，伴随着孩子们一起长大，有着美好的回忆！现在惨遭锯伐,真真令人痛心疾首！！去年5月居委会就曾让挖土机进小区挖大树，被居民及时发现，打了12345后被阻止了，后来经12345热线调查下来，居委会没有任何合法文件去伐树，属于违法，被喝停！今年他们打着合法的外衣，行着他们不可告人的目的，名义上为了解决居民停车难的问题，实则是为了放更多的非小区车辆停入小区，收取停车费用！！为了金钱利益，毁绿，大树何其无辜？！长了20年了，容易吗？请区长及时让人了解一下情况，救救余下大树的命运！今天早上出门（11月30日）发现工程队又在砍伐二棵香樟树，请快些来人来阻止他们吧！谢谢",,,
求静安区政府处理不负责任和不受理投诉的宝山路,待回复,其他 投诉,看***,2018-06-0316:05,关于本人5月21和22日投诉上海静安宝昌路223号的康勇保健按摩有限公司侵害消费者权益乱收费的投诉，当地的宝山路市场监督管理所已经寄告知书给我。其在并未跟我有任何联系让我提供证据的情况下就擅自表示我的投诉事实不成立，还擅自终止调解，很不负责任（可调查通话记录没给过我一个电话）。本人对此结果非常不满意，为此希望上级机关对我的投诉进行行政复议，督促静安区市场监管局认真严肃受理我的投诉，同时调查宝山路市场监督管理所是否跟商家有勾结，本人愿意配合提供证据，谢谢。  重要补充：如果需要安排调解，最好先电话沟通调解（本人愿意提供自己的手机号给商家），因为大家都比较忙，如果电话调解失败再商量安排现场调解，谢谢,,,
小区内聚众赌博,待回复,其他 投诉,W***,2018-05-2910:54,海防路100弄这边民用住宅内开设棋牌室每天都有好多人赌博，没人管吗，就算打完110也就是警察去了就暂时散了，警察一走又开始了，有人赌的家里2个孩子也不要，怎么劝也没用，这种害人的地方为什么不能让执法人员取缔了。,,,
汽修店霸占人行道 行人“借道”机动车道,待回复,城建 投诉,y***,2018-05-0211:13,  静安区区长陆晓栋，你好：    反映静安区岭南路31号（近岭南路场中路口）对面有家汽修店经常占用人行道，随意地将顾客的车停在人行道上并长时间摆放，导致路人不得不“借道”机动车道。给行人通行带来不便。希望静安区管理部门要着手考虑建立长效机制，根治占道修车。除常态化严格管理外，要想根本性解决一带占道修车乱象，对不具备修车条件的店铺要坚决关停。迎接国际博览会在上海顺利召开！,,,
拆除违章建筑,待回复,城建 投诉,y***,2018-03-2416:24,反映静安区南京西路820弄3号、5号二楼阳台上分别搭建违章建筑，严重地影响静安区市容市貌。希望有关部门依法拆除这二处违建建筑房。,,,
小区门口出行不便，急需改进。,待回复,交通 求助,s***,2018-01-2715:46,尊敬的陆区长，我是新静安区高平路598弄的居民，2017年很高兴看到小区的两个主入口，高平路和原平路都进行了路面改造，但是到现在小区出入口的路面标识都没有画上机动车让行标志，以致早晚高峰进出小区十分不便。希望领导能关心一下。,,,
违规搭建房,待回复,城建 投诉,y***,2018-01-1612:23,     反映静安区铜仁路278号优秀历史建筑屋顶上违规乱搭建房，该优秀历史建筑建于1929年，上海市人民政府于1999年被公布为优秀历史建筑。令人心痛的是，这里优秀历史建筑屋顶上违规私搭乱建房，把原有建筑变了个样，希望有关部门拆除屋顶上违规乱搭建房？切实保护优秀历史建筑。,,,
关于静安区福利院的问题,待回复,其他 求助,孝***,2017-09-2416:26,福利院类同一所公立幼儿园，这些老人类同幼儿园小朋友，护理员类同幼儿园的老师，你们要把这些老师和学生给一些没有资质的企业来管理，而现在由于他们的介入造成很不好的状态，有老人自杀，护理员的不安心，老人的不安心，你们民政局究竟为什么要把一公立的福利院搞的乱七八糟，叫原来的院长不要管业务，难道他们的业务很好吗？你就应把这个还没有资格的人员赶出福利院，把原来管福利院的专业人员请回来。…,,,
飞机声音扰民,待回复,其他 投诉,A***,2017-06-1608:00,家住沪太路汶水路范围 ，无论白天黑夜均有飞机低空飞行，噪音严重影响附近居民，怀孕时睡不好觉，现在宝宝出生了仍旧无法正常睡眠，望领导及时整改飞机飞行范围！,,,
建议加强整治东华路,待回复,其他 投诉,匿***,2017-05-2916:15,老北站东华路乱七八糟，几个外地流氓占据沿街民房用假古董专门欺骗上海老年人，上当受骗的老人欲哭无泪，偷摸拐骗无恶不作，这简直就是东华路的一个毒瘤，目前上海各地都在整顿街面民房，东华路却任其为是，强烈要求取缔这几个坑蒙拐骗的假古董贩子，还市民一个安静祥和的东华路。,,,
东新民路拆迁,待回复,城建 咨询,匿***,2017-05-0815:29,静安区东新民路一直说要拆，迟迟未见动静，生活环境脏、乱、差，至今还用着马桶，那边现在只剩下外来人员、老人居住了.....,,,
希望今年能有拆迁的消息。办实事。,待回复,城建 咨询,匿***,2017-03-2616:39,东新民路环境差，百姓等拆 盼了一年又一年，请为百姓做点实事,,,
七浦路新金浦市场管理部强制商户交押金,待回复,其他 求助,匿***,2017-03-1914:28,尊敬的，陆区长您好！        我是在七浦路新金浦从事服装经营的个体商户，自2008年起在这个市场一直奉公守法，诚实，诚实的经营，从不拖欠政府以及市场的任何费用，也没有与单位及个人发生过任何纠纷。2017  年春节后新金浦市场管理部巧立名目强制要求所有商户交5000元押金，否则不提供店内照明电的流氓手段，强制商户交钱。而且对于我2008年交的2000元押金概不承认。 尊敬的领导 ，我们并不是一点事情都想去向您求助，而是现在的市场管理部没有一点可信度。他们经常巧立名目，强制商户交钱，可是商户离场后又不退钱。自2008年下半年市场管理层发生变化后，在招商引资方面采取钻国家法律漏洞的方式，玩合同文字游戏让众多商户血本无归，在对待商户上，只要有外面的商户招进来，雇佣社会上外来人员，对原有的商户采取恐吓，动武强制搬离，期间发生多起打人事件，性质极为恶劣。这样恶性循环到到2011项目立了一个又一个，商户换了一批有一批，经济纠纷数不胜数，市场经营环境开始恶化，多数商户主动离开。只有内衣，睡衣的商户还在，因为这个市场内衣，睡衣的基础比较好。但是市场内的门店多数空关，市场管理部资金发生困难，市场整体运行能力，购物环境，物业服务低下。经常靠向商户借钱，但是借去又不还，用商铺做仓库租金抵替。工人经常不发工资，工作效率低下，人员流动频繁。     今年开始，市场管理部巧立名目向商户强制收取押金，不给不给照明电使用。性质极为恶劣。自2008年到现在这些人员从来没有思考把市场经营管理好，而是借市场的平台频繁招商引资圈钱，坑害众多商户，损坏市场信誉，在七浦路可以说是臭名远扬，信誉度最差的市场。我现在还有一点内衣要处理，另外我店面租金还有半年没到期，否则这样的话一定离开这个市场。      尊敬的领导，我们盼望您在百忙中过问一下此事，杀一杀这种钻法律漏洞，巧取豪夺的不正之风，让百姓感觉政府还在，凡事不是个人可以称老大，欺诈百姓，不要让百姓感觉法律是保护会钻漏洞的无德的商人。如果事情任由发展我们将继续向上级部门反映，利用所有能用的网络，微信发布传播，直到事情有结果。        盼望您的回音，感谢您的看读。      ,,,
清晨扰民不可取,待回复,环保 投诉,匿***,2017-03-1007:23,我是家住地铁2号线南京西路站沿街的居民，近日每日清晨5点开始就有环保冲水车在南京西路主干道上做环保工作，产生的噪音极大影响了我们居民的休息，环保冲水是好事，但是时间方面请给予适当调整，早晨5点是大家睡眠的时间，我们是沿街的居民，这样的噪音实在受不了。望有关部门可以调整冲水车的清洁时间，给我们市民一个安静的睡眠环境，谢谢！,,,
一个小市民的求助信,待回复,城建 求助,匿***,2016-12-2910:17,       我是此次静安区宝丰苑地块动迁的居民，我家住宝源路104号    此次动迁，我家的评估价格是260万，就近房源黄山路的调换价格是220万，当我兴高采烈地准备去签合同时，却被告知没有房源了。说目前他们动迁办手上的确没有就近房源，如一有就近房源，立刻通知我，但是日子一天天过去，各项奖励费一天天在扣除，我心中十分焦急，于是冒昧写信给我的父母官，恳请你们能够帮我解决困难。   ,,,
上海市闸北区东新民路55弄拆迁,待回复,城建 咨询,匿***,2016-12-2014:00,市长您好，这块地区什么时候可以拆迁？周围都拆了，就留这块没有动，给老百姓生活上带来极大的不方便。请为普通老百姓的最简单的生活起居给与方便。谢谢。,,,
静安区宝丰苑动迁事宜,待回复,城建 咨询,匿***,2016-11-0514:02,我岳母9月20日过世，  现在基地有二个解释，一种许可征日期在你母亲之前就出来，毋亲是被拆迁对家，在登记表格上己体现出来了。现在安置是数砖头，钱没少，房子也原先的约定给了，现在基地另一种解释以征收日为准，讲毋亲没有份额. 许可证日期与征收日都是 政府行政行为. 程序上是不是先有征收决定再出许可征。 望能给于答复,,,
商户违规行为 油烟扰民,待回复,环保 投诉,匿***,2016-10-2915:54,新闸路1211号蜀地冒菜违规经营 底料都在店内制作 对居民带来油烟烦恼 希望属地部门好好管理 还居民一个好的生活环境,,,
南阳路上经常占道停着不少机动车,待回复,交通 求助,匿***,2016-09-2714:29,短短的不宽的南阳路上经常占道停着不少机动车，不知是否合法？人行道上有一段长期停满非机动车，请教行人如何行走？请区长关心解决南阳路行人在人行道安全行走的权利。,,,
噪音扰民，占用人行道,待回复,其他 求助,匿***,2016-09-0912:37,你好区长，西康路356号原本是老式洋房居民房，现靠街边一楼打通做门面房，开了一家小酒吧，每天晚上很多老外都涌在人行道上，旁边停了一堆的电瓶车，行人根本无法走路要走到下街沿和汽车摩托车电瓶车抢道，实在是太危险了，还有噪音下去提醒过他们也打过110根本没人管的了，家里有老人孩子真不知道该找哪个部门能解决了！希望有关部门能管制下不要打扰老百姓正常的生活，谢谢！,,,
区长，继父争夺房产，我快活不下去了,待回复,城建 求助,活***,2016-07-0611:13,区长，您好！我今年23岁，从小生活在一个幸福的家庭中，但幸福是短暂的，父亲在我九岁的时候因癌症去世，之后母亲改嫁。继父是个嫖娼滥赌成性的人，我目前刚毕业两年，继父从监狱出来以后，2015年到现在，欠赌债10万元，人家上门讨债，我和我妈被迫还了五万元债务。我父亲在闸北区热河路177号有老房子在动迁中，我母亲念在旧情，还是坚持把继父户口迁进去。现在继父变本加厉，要把他前妻的儿子户口迁进，继父实在是太过分。我觉得自己在这样的家庭下，已经承受不住了，如果真的被继父得逞的话，我泉下有知的父亲恐怕也死不瞑目。我也不知道找谁能处理这个问题，谁能帮助我，求书记给我一个希望，能帮我找个解决家庭矛盾的途径，我现在上班都如同行尸走肉，我绝望，甚至想到死，这次的留言是我唯一可以想到的办法了。请帮帮我！,,,
长乐路富民路居住条件问题,待回复,城建 咨询,匿***,2016-05-2413:36,您好！我想问下长乐路富民路口近期会不会拆迁，或者静安区2016经济适用房工作是否会展开，该房屋老旧，几家人家公用一个厕所，也出现过邻里因为厕所而不愉快，甚至靠近襄阳路地段仍有倒马桶的情况，也有晚上路边烤肉串严重影响居民生活的情况，最近这个小区仍在翻新装修，其实住在这里的居民更关注什么时候动迁而不是翻新啊。,,,
居民楼养鸽子，严重影响居民生活,待回复,其他 求助,匿***,2016-05-0414:04,尊敬的陸区长，阳曲路570弄77号401室长期养鸽子，严重影响周围居民生活，鸽子飞来飞去，都是鸽糞，鸽子日夜啼叫，让人无法休息，现在天气又热了，请区领导百忙之中关心一下百性的正常生活，谢谢了。,,,
违章搭建影像小区居民生活,待回复,城建 投诉,匿***,2016-04-1016:31,原闸北区大宁路535弄与667弄之间莫名搭建起了一个美甲店及一个洗车和停车场。,,,
补办父母的结婚证,待回复,其他 求助,匿***,2014-10-2115:25,你好，我父母当时在新疆那里结婚的，回上海的途中包裹遭窃，时隔很久了。现在需要补办我父母的结婚证。怎么解决。加急，今天也去了很多的政府机关没有得到帮助。谢谢你帮我解决一下。我是在静安区安远路389弄19号的居民。经济适用房出来了，现在就缺我父母的结婚证了。我的手机是：13818286674；姓名：何永家,,,
为何违章拆不了,待回复,其他 投诉,M***,2014-03-0511:18,武定西路1470弄4号底楼占绿违章搭建拆诉了几年了没有拆，现在二楼把房屋升高加为三楼，投诉到现在还是没有拆给我们的回复是在走程序。底层那时也是走程序现在答复变为历史遗留问题。我们看到其他区都在拆除违章建筑。为何静安区对违章建筑者这么庇护。是不是有关的人员包庇违章搭建者。望区长能在百忙中关心此事。,,,
