书记请帮我们维权,已办理,企业 求助,W***,2019-11-1413:46,书记您好，我是到丽江拉市海湿地公园画3D画，经商家推荐和告知施工方法和步骤在嘉和建材市场玉龙县黄山镇康恒经营部购买了一万五千多的水性地坪漆，商家口头承诺质保三年，正常施工三天后积水地段出现起泡和破皮的现象，商家不予合理解决和相应损失补偿，一直推卸责任，多次沟通无效，投诉举报也无实质性的解决，现在我们的工作人员无法进行正常进度施工，现已造成两万元的损失，问题不得已解决，每拖延一天就对我公司造成四千左右的经济损失，希望书记能为我们消费者维护合法权益，早日解决问题缩小经济损失。希望并感谢书记能够看到我的留言,玉龙县市场监督管理局,网民同志：您好！  您通过人民网《地方领导留言板》给玉龙县委书记的留言收悉，玉龙县市场监督管理局高度重视，现将有关情况回复如下：经过对双的调解，双方达成协议并签订了协议，协议如下：1.玉龙县黄山镇康恒经营部与产家取得联系。产家将委派相关人员（专业人员）到拉市海湿地公园施工1平方.使用2019.9.26A31拟次产品。使用漆桶上表明的步骤施工（水性地坪漆）2.投诉方对以上调解方式表示同意。3.投诉方与被投诉方在长水路、拉市海湿地公园各施工1平方米。检验其货物质量，与水泥地坪硬度及施工环节，根据结果双方协商解决后续问题。感谢您对我县工作的支持与理解，祝您身体健康、生活愉快！,回复时间：2019-11-20 01:24
丽江旅游，在拉市海遭遇被迫消费,待回复,旅游 投诉,克***,2019-08-3116:50,"我与朋友一行两人，2019年8月29日12点从三义机场，通过网约车APP软件:嘀嗒出行，叫车，目的地选定为:丽江古城，嘀嗒司机接单，但并没有到酒店来接我们，是让我们去跟她碰面，车停靠在一个比较偏僻的地方，过来接我们的车并不是软件上的尾号为3938，当时并没有在意，就坐上车，一路上诱导暗示拉市海、茶马古道很好玩，介绍玫瑰花海等项目，路途中没有按照嘀嗒出行软件上的路线走。走的路线跟我们自己导航的茶马古道路线相反。全程走的是乡间小路，灰尘很大（为了避开所有交通指示标志牌）。后来把我们送到一家名为（江湖户外）马场，我们怀疑她和这家马场有利益关系，所有工作人员都是串通好的，与网约车司机串通带乘客过来进行强制消费。下车后与工作人员沟通后发现我们并不感兴趣，而且价格偏贵，后来网约车司机看见我们并没有买票，就在询问，我们说还是去丽江古城，她却骗我们说下午5点之前去会收每人50的维修费，她建议她去议价帮我们去买票，然后微信转账给她400元，而我们去的地方并不是什么茶马古道，而是一个黑马场，工作人员介绍的景点什么都没看见，就坐着马在山里面转了一小圈，合计不到一小时，与他们说的游玩两小时差的太远，我们来到古城向客栈老板谈及这件事情，他就说我们被骗，真的茶马古道不会用这么多钱还会包吃，我们是遇到“女司机”了。
我们抱着相信政府和领导的态度，在此发起消费投诉。关于嘀嗒司机，我们会向网约车运营平台进行投诉，也恳请领导能将情况转交相关部门，严肃处理黑车司机；对于我们在拉市海（江湖户外）马场被迫消费的400元，予以追讨，最大限度减少我们的损失。也希望政府能严格调查黑马场，以防更多消费者受骗。在此提供嘀嗒司机的照片，平台联系的手机号，还有当时微信转账给她的记录。非常感谢！",,,
东巴谷购貔貅退货,已办理,旅游 感谢,美***,2019-08-2510:35,由于没事先联系售后，现售后服务人员已经给我处理了，非常感谢商家的帮助。,玉龙县书记县长信箱,网民同志：您好！  感谢您对我们工作的信任理解与肯定。祝身体健康、生活愉快！,回复时间：2019-08-28 01:23
东巴谷购买翡翠貔貅退货,已办理,旅游 求助,美***,2019-08-2312:36,由于导游极力推荐，建议大家购买翡翠，回家后送人不喜欢，现在需要退货处理。,玉龙县书记县长信箱,网民同志：您好！  您通过人民网《地方领导留言板》给玉龙县委书记的留言收悉，玉龙县人民政府高度重视，现将有关情况回复如下：电话与您本人取得联系，告知已退货。感谢您对我县工作的支持与理解，祝您身体健康、生活愉快！,回复时间：2019-08-28 01:22
祥裕翡翠退货及时，态度好，非常满意,待回复,旅游 感谢,爱***,2019-08-2209:14,我反馈的问题，当天得到回复，态度满意，云南很好，我很满意，谢谢,,,
裸美乐玉龙祥裕所购翡翠退货,已办理,旅游 求助,爱***,2019-08-2116:27,本人参团去云南旅游，2019年8月6日被导游带到丽江裸美乐景区的翡翠购物店，（行程单上没有这个景区，我们只逛购物店）在车上，导游就开始做铺垫，说什么女人要对自己好一点，什么买个翡翠回去送父母，什么她带的团，以前有个游客一直都没有换过衣服，不肯给自己花钱，老公对她也不好，生活不幸福什么的，还说翡翠可以升值，于是，我在翡翠店买了一个翡翠手镯。花费4600元，回来在当地一看这种品质的手镯最多1500元，我非常不舒服，现在我请求领导帮助协调退货，希望美丽的云南之旅，给我留下美好的印象,玉龙县市场监督管理局,网民同志：您好！  您通过人民网《地方领导留言板》给玉龙县委书记的留言收悉，玉龙县市场监督管理局高度重视，现将有关情况回复如下：        一、您所称的翡翠购物点为玉龙祥裕商贸有限公司，经营地址在白沙镇东巴谷景区，经调查核实该公司于2019年8月6日售出了一个价格4600元的翡翠手镯，公司销售经理称客人不满意可以退款。      二、我局执法人员要求公司销售经理要主动与消费者联系，并认真做好退货退款等相关事宜，同时在调查中发现该公司所有货品都有明码标价，未发现违反价格法的情况。     三、2019年8月22日11:00时我局执法人员与您取得了联系，您告诉执法人员已经收到了退款，并表示对我局工作人员的工作表示满意。     感谢您对我玉龙县市场监督管理局工作的支持与理解，祝您身体健康、生活愉快！                                                                                                                                 玉龙县市场监督管理局                                                                                                                                                                                                                                                                     2019年8月23                       ,回复时间：2019-08-28 01:22
泸沽湖买药材事情商家已处理,待回复,旅游 感谢,q***,2019-08-1715:57,         昨天投诉 的在泸沽湖买名贵药材事件，今天已经和商家取得联系，收到全额退款，对此事处理很满意。         万分感谢地方领导如此高效的处理，感谢！,,,
拉市海购买天价药材事件已解决,已办理,旅游 感谢,岳***,2019-08-1610:42,首先为大云南，为整个旅游条线工作的领导和工作人员点赞，为你们急游客之所急，想游客之所想，第一时间火速回应游客的正当合理诉求，第一时间妥善处理。正式有了你们的保驾护航，云南旅游事业才会蒸蒸日上。感谢你们，商家也已经及时跟我们联系，态度诚恳，已办理好退货退款手续，再一次为云南的高速速度点赞，彩云之南不仅有美丽的风景，更有热血而诚恳的居民，再一次感谢所有帮助我们的人民。感谢、感谢。,玉龙县拉市海景区管理局,网民同志：您好！首先，感谢您的来信，为人民服务是我们的职责，我们深知，每一分成绩和进步都离不开人民群众的关注、信任、支持和理解，您的肯定和满意是对我们最大的鼓励，再次感谢您对云南旅游的肯定，对我们工作的认可。                             玉龙县拉市海景区管理局                                 2019年8月21日,回复时间：2019-08-23 01:22
泸沽湖旅游被忽悠买名贵药材,已办理,旅游 投诉,q***,2019-08-1518:47,        8月11日到泸沽湖旅游，导游带我们去了买名贵药材的地方，说有两个特别厉害的藏医在泸沽湖义务支援了几十年，我们可以去找藏医看一看。我们一起去的两家人都找藏医看了，结果藏医给我们开了药方，随后就有个姑娘带我们去柜台配药，当时很多旅行团在里面，感觉特别忙的样子，姑娘就急急忙忙给我们抓药称重，称好又急忙把药打成了粉。当我们感觉不对劲让姑娘算一下价格，一算出来我们每家都8千多，9千多，但是因为打成了粉，我们也不好说什么，只好付了钱走了。       现在我们越想整个过程越觉得不对，我们也不能辨别他们给我们的是什么等级的药品，而且没算价格就打成了粉。对我们来说8、9钱不是小数目，这样不明不白的消费确实让我们很苦恼，希望地方领导能帮忙调查解决，万分感谢。,玉龙县书记县长信箱,"网民同志：您好！  您通过人民网《地方领导留言板》给玉龙县委书记的留言收悉，,但您所反映的泸沽湖景区不属于我县受理范畴，请向宁蒗县人民政府反映。感谢您对我县工作的支持与理解，祝您身体健康、生活愉快！",回复时间：2019-08-20 01:23
在拉市海受骗买了天价药材,已办理,旅游 投诉,岳***,2019-08-1422:02,尊敬的书记同志：您好!我们是湖南的游客，8月3日怀着一直以来对美丽的七彩云南的向往之情，将我们的第一次云南安排在大理、丽江、香格里拉，8月6日我们随团来到丽江拉市海，由一位导游外号乌鸦的带领的到当地的一个药材合作社，导游还说是他老婆家里的合作社，希望我们支持他们的生产合作社。导游乌鸦说这些都是他老婆村里的村民自己上山采的药材，质量有保障。然后就介绍藏红花和其他几种药材搭配使用对女性身体健康有奇效，我们购买了一些藏红花11每克80元、和鬼臼40g每克10元总计1100元。还有天麻、三七、石斛等1200元、后来又在导游乌鸦的推荐下，在合作社找一位所谓的藏医问诊，这位藏医就通过简单的看了一下我老婆的手纹等，就给我老婆开了一些方子，又抓了4000多块钱的药，这些药还没有等我们回过神，就全部打成了粉剂。结果回来找了我们湖南这边正规医院的老院长咨询了一下这些药的功效才发现，鬼臼这味药材并没有像导游为我们说的有那种功效反而还带有毒性在内，本来我们真的怀有一颗真心和向往来到云南的，没有想到会是这样的结果。现在想想其实导游在车上给我说的都是为了推销，因此现在很后悔，我家都是上班族，挣钱不容易，我们也要养家糊口。我们本着相信真正的藏药确实有它的神奇，但现在我们买过来的药我们也不敢吃，也没有给我们提供正规的发票，只有几张销售单，藏医开的药还没有开收据单证，所以我们想把这些药给退了，我们恳请书记同志能帮帮我们，谢谢您了，也让我们能对云南、对丽江、对拉市海有一个美好的回忆。,玉龙县拉市海景区管理局、玉龙县市场监督管理局,网民同志：您好！  您通过人民网《地方领导留言板》给玉龙县委书记的留言收悉，玉龙县拉市海景区管理局高度重视，现将有关情况回复如下：2019年8月15日拉市海景区管理局收到有关您反映在拉市海购买天价药材的转办件后，工作人员立即联系万马旅游服务有限公司负责人，要求其退款。15日上午万马负责人已联系您，并通过微信转账方式全额退款，共计5280元。15日下午，管理局联合拉市镇市场监管所到万马土特产售卖点进行检查，并对公司下发整改通知书，禁止售卖中药材，一经发现，无条件进行处罚。若有不尽之处，请直接向拉市海景区管理局反映咨询，联系电话：0888-5333310.感谢您的来信，顺祝身体健康、工作顺利。                      ,回复时间：2019-08-23 01:22
2017年工资。至今没发 各部门一直推脱,已办理,企业 求助,杨***,2019-08-0317:24,云玉集团欠员工工资 ，现在欠了两年没个说法，不发也不给交代，多次去玉龙县公安局等等地方询问，但他们一直推脱责任  辛辛苦苦的工资就这样打水漂？ ,玉龙县人力资源和社会保障局,网民同志：您好！您通过人民网地方领导留言板给玉龙县委书记的留言收悉，玉龙县人力资源和社会保障局高度重视，现将有关情况回复如下：一、丽江云域珠宝有限公司系云南珠宝集团下属子公司，对于该公司拖欠员工工资一案，玉龙县人民政府高度重视，于2018年7月26日成立了由政府办、政法委、信访局、人社局、工会、黄山镇政府等多部门组成了协调领导小组及工作组，组织公司员工代表与公司实际控制人张兴平于2018年8月2日、3日进行协调，通过协调，员工与公司签署了相关协议，并逐一与员工进行了欠款的确认；二、玉龙县人社局于2018年7月3日立案调查，调查发现该公司涉嫌拒不支付劳动报酬罪，我局已将该案件于2018年8月5日移送玉龙县公安局治安大队，目前公安机关正在调查处理中；三、经核实，在拖欠员工工资名册中有拖欠杨媛媛3月、4月工资合计15244.91元；四、今年以来，我局也一直在联系公司实际控制人张兴平及相关负责人员，但张兴平一直联系不上，跟当时相关负责人杜岗（中岗花卉经理）及白宇鹏（当时珠宝集团法务经理）联系，两人都说离开了云域珠宝有限公司，同时也答应帮助我们联系张兴平，但一直没有结果。感谢您对我县工作的支持与理解，祝您身体健康、生活愉快！玉龙县人力资源和社会保障局2019年9月14日,回复时间：2019-10-08 17:46
投诉店家,已办理,旅游 投诉,p***,2019-08-0313:18,2019年8月2号晚上十点左右，在大水车附近一家小吃街吃东西，出口处一家卖过桥米线的老板，因为我在他家点了两份米线，就去了另外一家店点排骨，但是我的妹妹不想在他家吃，就在他还在为别人服务的时候提前告知他不用煮了，去了另外一家，等我点好排骨回来才知道这事，出于礼貌，我还是坚持准备在他家点一份米线，但这个时候，老板非常傲气的告诉我不买给我，让我去其他家，还和店员一起冷嘲热讽，还说他家米线排骨都有，竟然不在他家买，那他就是不卖给我。这种服务态度让我震惊，我没有想到到云南这么一个有文化底蕴，有魅力的地方会有这样的服务态度，难道消费者都没有自由消费的权利了吗，在选择商品的时候店家不应该是尊重消费者的吗，真的很影响旅游的心情，希望这样的素质不是整体云南人的水平，望回复。,玉龙县书记县长信箱,网民同志：您好！  您通过人民网《地方领导留言板》给玉龙县委书记的留言收悉，您所反映的问题不属于玉龙县受理范围，建议向丽江市古城区反映您的的诉求，感谢您的来信！,回复时间：2019-08-07 01:22
工地拖欠农民工工资,已办理,城建 求助,y***,2019-08-0210:49,  尊敬的领导您好：       我在2018年7月至2019年1月25在丽江市虎跳峡镇香丽高速公路开达古隧道出口做测量员工作。当时的工资是由项目部（云南建投香丽高速公路土建施工第九项目经理部）以工资卡代付工资。由于年后还要过去上班当时施工队老板（福建省海坛建设工程有限公司）就扣押了我三万元工资未付。但是年后由于老板要用自己亲戚做测量员，于是就没有叫我过去。对于拖欠的工资以口头承诺，过几天转入我的账户，同时我也就进了新工地工作，但是直到现在都没有履行付款承诺。最开始与老板沟通他就说过几天转账，但是每次都是说隔几天转直到现在也没转账甚至现在打电话也不接了。同时也发过信息，原来有回复一样的是隔几天打，现在信息也没有回复了。由于我家里有两个小孩读书，父母常年多病要花钱治疗及每个月的房贷急需用钱。现在也离不开工地。所以在此留言希望能得到领导的帮助。,玉龙县人力资源和社会保障局,网民同志：您好！您通过人民网地方领导留言板给玉龙县委书记的留言收悉，玉龙县人力资源和社会保障局高度重视，现将有关情况回复如下：     您于2018年7月至2019年1月在丽江市虎跳峡镇香丽高速开达古隧道出口做测量员，福建省海坛建设工程有限公司扣押了3万元工资，迟迟不予支付。接到信访件后，我局工作人员及时联系施工队队长高朝，其称于2019年8月16日支付了2万元，剩余1万元已报给工区财务，已经在银行走账了，这两天就能支付完毕。感谢您对我县工作的支持与理解，祝您身体健康、生活愉快！玉龙县人力资源和社会保障局     2019年9月29日,回复时间：2019-10-08 17:46
香丽高速公路,已办理,城建 求助,张***,2019-07-1615:11,书记您好:我是来自龙蟠乡新联红专三组的一位关于香丽高速公路的搬迁户，对于现在的物价和人工费都比以前高，房子赔偿款少，希望政府在物质方面多帮助一些。,玉龙县龙蟠乡,网民同志：您好！您通过人民网地方领导留言板给玉龙县委书记的留言收悉，玉龙县龙蟠乡高度重视，现将有关情况回复如下：我乡十分重视丽香高速服务区搬迁问题，我们将尽量帮忙争取适当的水泥和砂子。感谢您对我县工作的支持与理解，祝您身体健康、生活愉快！,回复时间：2019-08-23 01:22
上吉路修理情况,已办理,城建 求助,w***,2019-07-0616:11,玉龙县五台小学和玉龙县房管所中间有条连接火车站和上吉市场的上吉路，多么重要的一条路，可是一直是烂泥巴路，不知道政府视而不见还是什么原因，其他地方年年在翻休，而这里7-8年了，一直没有人管，玉龙县幼儿园接送孩子的家长和五台小学每天放学的孩子天天都在烂泥路上走着，要不然就要绕道很远走，火车站接火车的车也要绕道走，反倒其他地方没什么人走的路到处在修，请问政府部门这么重要的道路是不是你们的重中之重应该及时处理的事,玉龙县住房和城乡规划建设局,网民同志：您好！您通过人民网地方领导留言板给玉龙县委书记的留言收悉，玉龙县住房和城乡规划建设局高度重视，现将有关情况回复如下：上吉路位于县城五台社区，该路南接南口路，北至玉兴东路，道路长3100米，道路红线宽25米。你所反映的未修建的上吉路断头路道路长603米，位于上吉村。根据玉龙县人民政府与江东集团签订的县城开发“一揽子”协议，该路段应由江东集团投资建设，玉龙县人民政府已召开协调会多次，但由于上吉村土地置换等历史遗留问题迟迟未能解决，因此江东集团在完成路基后已停止建设。我局根据职责多次下发通知要求江东集团尽快开工建设上吉路，经过多方协调江东集团公司已同意建设上吉路，目前该公司已委托施工单位进场施工。该公司承诺90天内完成上吉路的建设。我局将根据职责督促江东集团尽快建设完成上吉路断头路。若有不尽之处，请直接向玉龙县住房和城乡建设局反映咨询，联系电话：5179202。感谢您的来信。顺祝身体健康、工作顺利。玉龙县住房和城乡建设局2019年7月22日,回复时间：2019-07-23 16:43
幸福家园小区公共用地圈占现象突出望部门整治,已办理,城建 建言,W***,2019-06-2416:54,在两违整治工作关键期，城建部门专门有针对乱占公共设施的处理办法。但玉龙县幸福家园小区绿化设施被住户大量破坏，用于种菜，目前还有住户开始将绿化带圈进自家院子，物管也不制止，若不尽快整治，将造成竞相效仿，愈演愈烈。,玉龙县住房和城乡建设局,网民同志：您好！您通过人民网地方领导留言板给玉龙县委书记的留言收悉，玉龙县住房和城乡建设局高度重视，现将有关情况回复如下：2019年7月2日我局园环中心指派监察队到信访小区实地调查，并将对小区绿化带内的菜地进行铲除。但据小区物管和业主委员会反映由于存在短时间内恢复绿化带内的苗木由于存在实际困难。一、苗木种植面积广，二、资金投入比较大。如一次性消除种菜的现象，跟进对绿化带的补植补种，需大量的绿化苗木资金投入比较大。如果不能在短时间内及时种植苗木仍然不能杜绝继续种菜的现象。因此小区物管和业主委员会承诺等资金到位后，再汇同我局园环中心监察队全面对绿化带进行整改，并完成恢复绿化带内的苗木。若有不尽之处，请直接向玉龙县住房和城乡建设局反映咨询，联系电话：5179202。感谢您的来信。顺祝身体健康、工作顺利。玉龙县住房和城乡建设局2019年8月9日感谢您对我（省、州、市、县）   工作的支持与理解，祝您身体健康、生活愉快！,回复时间：2019-08-20 01:23
黄龙玉退货问题,已办理,旅游 咨询,三***,2019-06-2214:55,2019年6月去云南旅游买的黄龙玉貔恘，在耳后发现有裂痕，看着心里不舒服，能退吗？,玉龙县书记县长信箱,网民同志：您好！  您通过人民网《地方领导留言板》给玉龙县委书记的留言收悉，玉龙县人民政府高度重视，现将有关情况回复如下：经与您联系，您告知已与店家协商达成一致，店家同意退款。感谢您对我县工作的支持与理解，祝您身体健康、生活愉快！,回复时间：2019-06-25 01:22
丽江旅游，在拉市海遭遇被迫消费,已办理,旅游 投诉,汤***,2019-06-1413:47,我与朋友一行3人，2019年6月10日13:12从云涧度假酒店，通过网约车APP软件：滴滴出行，叫车，目的地选定为：拉市海湿地公园，滴滴司机接单，并到酒店接上我们3人，前往丽江拉市海湿地公园， 过程中诱导暗示纳西本地人民淳朴及骑马是拉市海最有趣的项目等，也未按照滴滴APP软件规划路径行驶，全程走的是乡间小路（为的是避开所有的交通指示标志牌）后来我们才发现，并未送往终点：拉市海湿地公园，而是送达了一家名为【江湖户外】马场，他这样做的目的很简单， 与这家马场有利益关系。我们下车后与【江湖户外】马场员工说，我们不骑马，我们要去湿地公园，又被马场员工告知，去湿地公园必须骑马，否则无法达到，而且湿地公园的门票也必须在马场的售票处购买，工作人员信誓旦旦的说在湿地公园售票处购买要160元是非常贵的。此刻我们3人处于骑虎难下境地，我们3人每人被迫消费258元（骑马220元+湿地公园38元），合计774元。而实际，我们并未骑马前往湿地公园，是乘坐了一辆拼车面包车。从湿地公园离开我们在景区停车场打到了正规营运的出租车，出租车司机像我们介绍了其中的猫腻，并且告知我们什么骑马才能抵达湿地公园纯属无稽之谈，只是马场为了经营的说辞。后续我们在网上进行了关于拉市海类似遭遇的搜索，发现比比皆是。前面提到的X司机绕小路也是担心我们发现交通指示牌，让我们误以为湿地公园交通不便，车辆无法前往，必须骑马的假象。我们抱着相信政府和领导的态度，在此发起消费投诉。关于滴滴司机，我们已向网约车运营平台【滴滴出行】进行投诉，也恳请领导能将情况转交相关部门，严肃处理黑车司机；对于我们在拉市海【江湖户外】马场被迫消费的774元，予以追讨，最大限度减小我们的损失。,玉龙县旅游局,网民同志：您好！您通过人民网《地方领导留言板》给玉龙县委书记的留言收悉。玉龙县文化和旅游局高度重视，经调查，现将处理意见答复如下：接到来信后，我局及时与您取得了联系并了解了情况，同时我局工作人员协同拉市海景区管理局、市场监督管理局、旅警前往江湖户外旅游服务公司核实具体情况，告知您的诉求退还774元后，经电话多次协商。最后，马场方同意向游客退还每人258元，共计774元人民币，您已表示满意。我局在今后工作中，加强旅游项目监督管理工作，杜绝类似事件再次发生。若有不尽之处，请直接向玉龙县旅游市场监管综合调度指挥中心反映咨询，联系电话：0888—5109503。感谢您的来信。顺祝身体健康、工作顺利。                             玉龙县文化和旅游局                              2019年6月18日,回复时间：2019-06-19 01:22
老百姓的死活还管不管了？,已办理,政务 投诉,有***,2019-05-1715:32,玉龙县中正花园，长期处于停水状态，大部分居民一直没有生活用水，连最低生活保障都有问题，可是开发商，物管等视而不见，希望领导百忙之中，帮我们解决一下,玉龙县住房和城乡规划建设局,网民同志：您好！您通过人民网地方领导留言板给玉龙县委书记的留言收悉，玉龙县人民政府高度重视，及时联系丽江市水务集团有限公司，现将有关情况回复如下：近年来，城区供水需求不断增加，丽江供水水源有限，因此在枯水期城区部分区域会出现水压不足的情况，加上最近一段时间玉龙县用水量增大，尤其是在周末用水量较大，在供水水量既定的情况下，导致水压不足的情况发生。目前，公司正在积极采取措施解决这一问题，通过加强管网测压，尽力解决好中正苑水压偏小的情况，请客户给予一定的时间和理解。期间给用户造成的不便公司表示诚挚歉意，望用户给与谅解。丽江市水务集团有限公司                           2019年4月18日,回复时间：2019-05-23 11:53
旅游维权,已办理,旅游 求助,F***,2019-02-1221:22,2019年2月8日在飞猪，昆明悦游旅行社专营店订购了一天玉龙雪山大索道小团游，费用为665一人，我们两人共花费1331元，形成当天由于天气原因，大索道被封，说一人退120，改坐小索道，随后又告知我们小索道票卖完了。结果我们团一共8人，重新在景点自行自愿320一人购票游玩另一个行程。途中交流得知，除了我们2人其余人购票价格均为440一人，所以我们要求旅行社退换除去进山费和车费的其余费用一人460元，2人920元。,玉龙县书记县长信箱,网民同志：您好！  您通过人民网《地方领导留言板》给玉龙县委书记的留言收悉，但您所说的昆明悦游旅行社不属于丽江市玉龙县受理范围，建议您向昆明市旅发委或省旅游执法总队投诉，便于维权。联系电话：昆明市旅发委0871—96927；省旅游执法总队0871—64608315。祝您身体健康、生活愉快！,回复时间：2019-02-14 01:20
丽江市重点项目不能落地的困难急待解决,已办理,旅游 求助,蒋***,2019-01-0408:27,尊敬的曹书记，您好！非遗产业园项目是玉龙县招商引资项目，2017年6月13日在南博会签约后，于2017年8月26日，园区的投资运营方和丽江街产权所有方签订了框架合作协议。2018年4月10日在玉龙县政府举行了项目入园集体签约仪式。遗憾的是从此就和江东玉龙地产因为正式协议一直无法签订而停顿了下来。 为此，我们给曹书记写信，谈点看法。一 非遗产业园作为市重点建设项目被写入了丽江市2018年政府工作报告，该项目引进到丽江市玉龙县，主要是因为有丽江街这片闲置的资产。但没有想到的是直到2018年9月，园区投资运营方才知道丽江街的资产因为有违规建设的问题而无法办理产权登记，因为江东集团公开提出丽江街资产办理不动产权登记要由玉龙县政府作出书面承诺，就是说丽江街的资产目前的现状是根本无法进行交易。这个情况玉龙县如果提前告诉园区的投资运营方，就不会使200多个项目上千号人来来往往玉龙县，耗费那么多的心血，时间和资金。往严重说政府用违规的资产招商，本身就是对项目的不负责任。二非遗产业园项目不挤占玉龙县任何新的资源，非遗项目盈利能力低，如果江东只给3年的时间，我们各项目的投资就没有保障。我们也听说县里有些人总认为园区和江东的框架协议是园区占江东的便宜，是利用市县政府压江东，这纯属笑话！如果有好商机，如果江东有一点社会责任，丽江街就不会空置到今天了。200多个项目为什么热情地投入到丽江街，就是看中园区运营模式的创新之举符合非遗项目产业化的新方向和新希望。`丽江复华也曾多次找园区的200多个项目方入住，给出的优惠条件比丽江街还要优厚，大家为什么不去，就是复华的模式不行，丽江复华的非遗小镇现已关门就是很好的证明。三民意不可违，周边的老百姓，县委县政府里绝大部分工作人员，包括曹书记您本人都对丽江街的闲置感到痛心，只有江东理直气壮，入住园区的200多个项目方不解的是，谁给江东的底气让他们那么的“理直气壮”？非遗从业者只关注把园区建设好，运营好，只希望玉龙县政府不要伤害园区投资运营者的初心，不要让200多个项目1000个非遗项目从业者的心血白费并蒙受经济损失。还希望曹书记多费心，多支持！ ,玉龙县招商合作局,"尊敬的网友：您好，您在人民网留言反映“丽江市重点项目不能落地的困难急待解决”看到您的留言后，我们高度重视，立即对留言反映项目的情况进行了解，现将情况回复如下：一、丽江非遗产业园项目情况丽江非遗产业园项目地在玉龙县“丽江街”，该项目计划投资30亿元，拟建设内容为：具备产业化条件的非遗项目产品陈列和展示厅、专门性博物馆、传承人工作室等办公设施，民宿酒店和专门的青年旅馆、配套的餐饮服务设施、室外表演场、管理用房、设备用房和停车场等配套设施。由新华网股份有限公司云南分公司、云南泰盈投资有限公司、丽江七星建设工程集团有限公司（三家）投资建设。三家公司合资注册了云南玉江非遗文化旅游开发有限公司。二、该项目工作推进情况该项目有意向入驻“丽江街”后，县委、县人民政府高度重视，积极作为，及时组织招商、住建等职能部门对接企业，先后多次召开项目协调会，尽最大努力协调推进非遗产业园项目落地。先后开展了以下工作：                     2017年6月8日，为确保项目顺利实施，县委、县人民政府成立了以县委曹金明书记为组长的云南非物质文化遗产产业园项目协调领导小组。 经过多方努力，2017年6月13日，玉龙县人民政府（甲方）与新华网股份有限公司云南分公司及云南泰盈投资有限公司（两家为乙方）签订了云南非物质文化遗产产业园项目款架协议书。签订协议后，经玉龙县委、县政府多次协调玉江公司和云南玉龙城市地产开发公司深入沟通协调，2017年9月8日，新华网股份有限公司云南分公司、云南泰盈投资有限公司、丽江七星建设工程集团有限公司（三家为甲方）与云南玉龙城市房地产开发有限公司（甲方）签订了丽江街意向合作协议及丽江街意向租赁协议。2017年9月14日，县人民政府办公室下发了关于提供非遗产业园项目前期建设所需材料的通知，要求各相关部门根据项目推进需要力所能及帮助解决困难问题；2017年9月18日，县人民政府副县长和丽花召集县直各有关部门召开了产业园区项目建设协调会，梳理解决了存在的困难和问题。由于丽江街所处位置低于城区水平，漾弓江污水对园区项目落地影响较大，由县住建局实施了50万元的漾弓江污水处理系统工程,确保产业园项目如期入驻。2017年内，县委、县人民政府按照玉江公司上报的请示及反映问题情况多次召开协调会，经县直部门奋力工作，在合作双方的积极配合下，项目推进取得了一些进展，但由于企业双方在租金支付、合作模式、三年租期满后续租等具体事项上出现分歧，迟迟未能签订正式协议。2018年5月14日，曹金明书记组织召开云南非物质文化遗产产业园项目协调领导小组会议，专题研究非遗项目协调推进工作。要求企业双方拿出真心实意商谈，于5月25日之前签署正式协议。会后县人民政府分别于5月14日下午、5月15日组织双方就未达成一致意见的条款进行商谈，仍未能达成一致意见。5月18日，双方约定在昆明就未能达成一致意见的条款进行再次协商，县委、县政府领导拟前往昆明参加18号协商，玉江公司提出政府领导不用参加。最终，协商会议未能召开。此后县人民政府又多次和双方企业沟通协调。2018年9月1日，受玉龙县委曹金明书记的委托，玉龙县委常委、常务副县长吴振军带县招商局颜仁昌局长到昆明江东集团总部召集双方主要负责人再次召开了协调会，江东集团由刘文武董事长参加，玉江公司两位主要股东临时有事，由张俊卿带队参加，会上，双方就正式合作协议条款逐条进行了协商并初步达成了一致，关于核心的续租问题一致同意表述为“三年租赁期满，如甲方未对丽江街整体房屋资产进行处置或乙方未能实现对甲方丽江街整体房屋资产进行购买，经甲乙双方充分协商达成一致、同等条件下（租金标准按25元每月每平米起计算，按每年5%租金递增，）乙方享有优先续租权，可续租五年。”，第二天，玉江公司在内部统一过程中就合同条款中关于续租的问题又提出了异意，提出：“三年租赁期满，如甲方未对丽江街整体房屋资产进行处置或乙方未能实现对甲方丽江街整体房屋资产进行购买，经甲乙双方充分协商达成一致、在此条件下（租金标准按25元每月每平米起计算，按每年5%租金递增，）可续租五年。”江东集团不同意玉江公司修改意见，因此双方合作又一次没有能达成一致，之后，县委、县政府领导又多次过问协调，但双方都未让步，正式合作协议也一直未能签订。在下一步工作中，我们将一如既往，依法依规，尽职尽责协调和服务好该项目，为投资企业提供良好的营商环境。再次感谢您宝贵的留言及对玉龙招商工作的关心和支持，欢迎继续监督和支持我们的工作！玉龙县招商合作局2019年1月4日",回复时间：2019-01-07 11:52
农村危房改造和黄标车辆报废种植扶贫问题,已办理,三农 投诉,3***,2018-11-0520:08,书记你好，我要投诉原因：1.一旦被例为黄标车就必须报废，那国家规定的强制报废年限又有什么用？2.宝山乡政府和派出所处理黄标车问题不当，家里矛盾被激化，差点闹出人命。3.迟迟迟不去报废黄标车是因为村子附近好多黄标车都还在正常使用，听村民说有的小轿车报废补贴甚至高达补贴标准，而我们家小型货车去只给报废8000.而且政府派出所就一直盯着我们家黄标车，所以导致矛盾进一步激化。4.政府承诺过，给我们家大伯危房改造补贴金额不明确，宝山乡政府公职人员有的说给15000.有的说给10000.有的说只给8000.标准不明确，危房迟迟不解决，现在又来报废我们家的车，无法再相信政府。5.我们村甚至是正个宝山乡，我们家是弟一批发展中药材重楼种植叶的，就是因为我们家开始种植重楼，村子里村民也跟着慢慢种植重楼，我爹也细心指导村民种植重楼，我们家在2012卖得16万， 这引起了乡政府的高度重视，种植重楼会改善当地经济。就以我们村的名义申请重楼种植资金50万。这50万资金已经申请成功，当时我们家有30多万棵重楼苗。已经跟政府申请过，由于资金缺乏，无法扩大种植，可是最后这笔重楼种植资金乡政府没有公平处理，拿给我们村没有种植重楼经验也没中过重楼村民种植，重楼种苗都是从外地买购买。重楼种苗从外地购买，价格还高于我们家的，种植不到一年全部死完，还要还让有些人有些村民背上了债务，乡政府的做法完全违背了政府要改善当地经济的宗旨。,玉龙县宝山乡,网民同志：您好！  您通过人民网《地方领导留言板》给玉龙县委书记的留言收悉，玉龙县宝山乡高度重视，现将有关情况回复如下：一是黄标车报废是根据《丽江市人民政府办公室关于印发丽江市治理淘汰黄标车工作方案的通知》（丽政办发〔2018〕61 号）、《玉龙纳西族自治县人民政府办公室关于印发玉龙县治理淘汰黄标车工作实施方案的通知》（玉政办发〔2018〕66号）通知要求办理，且此次只处理上级下发的名单内的黄标车辆，在名单内的黄标车辆按照车辆类型给予相应的补贴资金，不在名单内的车辆暂不做处理，按照上级部门给予的黄标车名单，我乡共计43辆黄标车已完成报废处理，不存在“村子附件好多黄标车还在正常使用”情况。二是政府给予您大伯危房改造时已明确和你大伯说明过给予10000元（大写：壹万元整）的危房改造补助资金和需要修缮的内容。我乡的危房改造工作是根据农户房屋破损程度、贫困状况和修缮内容进行不同程度的资金补助，按照国家有关政策，危房改造资金不能简单的按照户口或人口平均分配；并在后期组织工作人员到你大伯户去验收危房改造，但是被拒绝验收，且验收工作人员被赶出。三是重楼种植扶贫是县财政局给予的资金补助，按照计划内的施工内容及标准，县财政局进行了实地验收，根据实地验收结果进行给予相应的补助资金。感谢您对我乡工作的支持与理解，祝您身体健康、生活愉快！,回复时间：2018-11-14 01:20
玉龙县房产证事,已办理,政务 咨询,L***,2018-10-0609:36,书记同志您好！    我是5年前购的玉龙县一中对面书香雅筑房产，购房税 ，维修基金等费用全部付给了开发商，到现还未办理，时间久了房产人又换了好几轮，说发票不在了，又说子资料找不到了，一直忽悠！请求政府帮忙尽早处理为谢！,玉龙县国土资源局,网民同志：您好！您通过人民网《地方领导留言板》给玉龙县委书记的留言收悉，玉龙县国土资源局高度重视，现将有关情况回复如下：书香苑（书香雅筑）由丽江新晟房地产开发有限公司开发，该小区共有住宅353套住宅，该小区自2018年6月15日起根据开发商的申请，我局不动产登记中心都在办理。到目前为止根据该公司申请办理了19套不动产权证书。不动产登记依照当事人申请进行登记，由开发商到小区业主的转移登记可以委托开发商代为办理，也可当事人自行到我局不动产登记中心办理。商品房办证所需资料：1、不动产登记申请书；2、购房人身份证及结婚证；3、商品房购销合同；4、完税证明；5、契税发票；6、权籍调查表；7、房产分户平面图及宗地图。感谢您对不动产登记工作的关心和支持，同时希望对不动产登记工作提出批评和建议，以便更好的为人民群众服务。   玉龙县国土资源局 2018年11月27日,回复时间：2018-11-29 01:19
在香格里拉被骗去土司家买藏药,待回复,旅游 投诉,平***,2018-08-3109:52,我报的是纯玩游 第二天旅游公司就把我安排了一个散拼团一起去香格里拉 来了一个叫‘拉姆’的女导游 一路上导游一直不停的说她都故事 故事里包含了她的信仰还有藏药如何如何神奇的案例 当然我觉得听听就好了 反正我们是纯玩团，应该不会带我们去购物，第一天玩了虎跳峡和普达措公园 导游还是很难心的教我们如何应对高原反应 如何使用氧气会更好些 在虎跳峡过后她带我们去一个点买了氧气和高原维能48元/瓶 氧气50元/瓶 虽然价格高了点 但是我也没觉得有什么不妥 毕竟也没多大来去  还有救是拉姆的导游也免费给我租了羽绒服   ，晚上还送了一瓶氧气 这点我觉得她的服务还是不错的  。香格里拉第二天，一早就带我们去时轮神坛，说了很多关于天珠阿 蜜蜡的事情  其实我的行程上是没有这个神坛的 不知道怎么就会带我去了 我的行程就有一个月光古城 到了那里 一位大师带着我们这散拼团解如何拜佛 当然我也是毕竟迷信的 也很虔诚的拜了 。解说完让我们在二楼看看有没有与自己有缘的珠宝，正当我们一行人要看的时候 突然就把我们赶了出来 说是要消防演戏，这里的购物取消了  ，导游没办法 因为时间还早 才让我们在月光古城那玩一小时。到了中午，拉姆导游就说 我们今天不吃团餐 到司机家吃藏飞鸡等等的好吃的午餐 顺便帮那里的村民  因为村民挖的药卖给批发商价格很低  她们就决定在村上弄个《村民合作社》 把村民挖到的野生药材宁愿低价直接卖给我们  因为他们租不起30万一年的房租，只能把村民挖的药材放在一起 让拉姆接帮忙卖 还把要夸的神奇，当时我想拉姆导游是有信仰的 应该不会说假话 就想帮帮村民 多少带点药吧 反正也比外面便宜些。在司机的土司家里大厅 一张桌上整齐的摆放着  灵芝 天麻 脏红花 鬼臼 三七……我因为容易头疼 我就关注了下天麻，问他们说3元/克 我想野生的话确实不贵，称了三百克，付了900元 拉姆姐让我磨成粉泡蜂蜜喝 ，我磨好粉 突然旁边出现了一个同车的大姐 对我说她在微商买的藏红花要150元/克 这里只要60元/克 而且品质还特别好  值得买，我听了心动了 毕竟藏红花对女人好  然后我就跑去称10克藏红花，拉导游说 藏红花配鬼臼吃最好 把鬼臼磨成粉配藏红花喝 有治妇科炎症的作用 我想想好吧 然后又称了150克鬼臼  每克8元 然后我又去付了1800元 我付钱之前问 上笔900的收据给我呢  他们说好的在那 待会拿给我，没细想就又付了1800元 最后问他们要收据 就支支吾吾的说要给村民们做账的 我们这团的多的上万 少点好几百 都没有给收据,,,
丽江轩阳餐饮管理有限公司拖欠农民工工资,已办理,企业 求助,牧***,2018-08-0211:47,尊敬的领导您好！我是丽江轩阳餐饮有限公司（中岗花卉）里上班的一位农民工，该公司一直有拖欠工资的问题，7月19日，我们接到通知说要停业几天，开业时间不定，20日我们得知该公司在搬运一楼的玉器（一楼为丽江云玉集团）两个店是连锁的为一个公司，本来就很忐忑的我们很担心公司一直不开门，领导桃之夭夭，于是大家集中起来找到有关部门去申请工资，7月25日该公司负责人杜某承诺与7月30日发放5月6月两个月的工资。到了7月30日他们并没有兑现承诺，他们没有发工资。我希望领导能帮助我们这些农民工早日拿到公司，'也希望让更多的朋友知道该公司不讲信用，让更多的有理想的人免受不必要的伤害，谢谢,玉龙县人力资源和社会保障局,尊敬的和玉祥同志：您好！收到您在云南省网上信访系统反映的关于“在丽江轩阳餐饮有限公司上班，公司负责人杜某承诺于7月30日发放5月6月工资当时没有兑现承诺”问题的信访件后，玉龙县人社局领导高度重视，责成分管领导和相关股室认真调查了解核实、及时妥善处置办理，现将相关情况答复如下： 经调查了解，你所反映的公司系云玉集团旗下子公司丽江轩阳餐饮管理有限公司，你在公司的岗位为“上什”。你们反映拖欠工资的问题，我县相当重视，帮你们与公司协调，我县在7月底成立了政法委、信访局、旅发委、人社局、黄山镇等多部门组成的协调组，组织你们公司员工代表与公司实际控制人张兴平于8月2日、8月3日进行协调，通过协调，在8月4日，你及公司其他员工共50人授权委托给员工代表杨红与公司签署了相关协议。跟你们签署协议后，在我局的督促下，公司积极筹措资金，于8月9日通过银行代付方式清欠了所有员工的工资，其中支付给你本人的工资为4273.52元。感谢您的来信！玉龙县人力资源和社会保障局2018年9月21日,回复时间：2018-10-17 09:58
村里道路修理的问题,已办理,交通 求助,c***,2018-06-1908:03,我问下鸣音到宝山乡中间通往 长松四组的路大约三公里左右至今都是泥土路，这个季节基本无法通车，路又陡又窄，泥塘又深，村民万不得已要出行都是在轮子上绑防滑链子，很危险，路边就是几十米的大山沟，怎么其它地方都至少几年前就修好水泥路了，这里还是这个样子，希望县委书记给以监督相关部门整改下。,玉龙县交通运输局,网民同志：您好！  您通过人民网《地方领导留言板》给玉龙县委书记的留言收悉，玉龙县交通运输局高度重视，现将有关情况回复如下：    玉龙县交通运输局领导高度重视该信访件，第一时间于乡党委政府取得联系，但信访所提供电话为异地电话无法联系到您。现长松四组村道硬化已列入2018年四位一体项目投资250万。目前该项目资金已经全部到位，今年7月招投标后立即开工，预计年内完成施工并投入使用。感谢您对我县工作的支持与理解，祝您身体健康、生活愉快！,回复时间：2018-06-29 01:17
丽江的领导您好，我在丽江购买的翡翠质价不符,待回复,旅游 投诉,大***,2018-03-1620:44,我于2018年3月3日参团来大美云南旅游，准备好好感受下云南的风景和少数名族的文化，可是让人伤心的是我在3月7日7点左右被带往“丽江纳西民俗博览馆”购物（地址：云南省丽江市玉龙新县城玉泽东路加油站旁）在里面购买了共14000元左右的翡翠，不仅没有出示正式发票，而且旅游完后回去经过鉴定，各翡翠的价值竟然特别低！花了十多倍的价格去买也就算了，那种被欺骗的感觉，让我的心情瞬间跌到谷底。听导游说云南旅游乱象管制非常严格，但就是在这种情况下竟然会有这种事情发生，真的让人心寒！虽然是两会期间，各位领导和相关部门比较忙，但是还是希望各位领导和部门能够在百忙之中抽空看下我的留言，并给予帮助！谢谢！（图片是部分票据）,,,
粮田被冲夸反映无人来管,已办理,三农 求助,和***,2018-03-1020:33,本人家住玉龙纳西族自治县龙蟠乡新尚村委会下组20号，香丽铁路二工区项目部和混泥土搅拌站中间。家里有几亩薄田在香丽铁路施工变道下方，就在去年年底的时候，由于变道下方的涵管堵塞，冲毁了我家的几乎剩下的所有粮田。当时我们上报了村委会，乡政府，也同工区项目部协调和解决问题，但是和工区的谈判过程中，他们只愿意给我们不能再低的赔偿。由于受灾比较严重，我们恳请贵政府给予帮助解决，马上玉米要耕种了，没了地我们养头年猪都喂不起了。感谢领导!,玉龙县龙蟠乡,网民同志：您好！  您通过人民网《地方领导留言板》给玉龙县委书记的留言收悉，玉龙县龙蟠乡高度重视，现将有关情况回复如下：  2018年3月16日在你户所属村委会会议室召开了协调会，会议由乡党委政府工作组、村委会三委成员、丽香铁路二工区办公室主任参加，经协调，由二工区出资对冲毁的你户田埂进行修复，你户也同意了此协调结果。感谢您对我乡工作的支持与理解，祝您身体健康、生活愉快！,回复时间：2018-03-22 01:15
农村基层“豪村官”,已办理,其他 投诉,新***,2017-11-2209:30,您好！        书记，我是一名来自云南省丽江市玉龙县龙蟠乡新联村的村民，回到老家我见证了太多的不公，而且这还只是在基层农村当中，某些村干部就是村子的土皇帝，国家补助想给谁给谁，为自己和亲戚谋取利益，有好多贫困家庭从未得到过任何补助，村里人早就怨声载道，好多都是看在一个地方的人不说还有一些直接就不敢说，特别是村子土地山地分红从未公开，有些村干部甚至因为村子债务不清而无法参选也是不了了知，倒卖公共财产，特别是国家土地平整投入几百万最后变成少部分人的财产，私自租赁公共财物公饱私囊，国家房建加固也是填2000员表给1000员钱甚至有好多没有拿到一分钱..........还有很多说不完的都是泪，请问这样的基层干部就是一个人其实认得的都知道从乡里到村里都形成一种风气，顶风作案不在少数，望书记采纳。,玉龙县龙蟠乡,网民同志：您好！  您通过人民网《地方领导留言板》给玉龙县委书记的留言收悉，玉龙县龙蟠乡高度重视，现将有关情况回复如下：自11月23日上午收到《农村基层 “豪村官”》的信访件以后，乡党委政府高度重视，立即组织相关人员组成情况核实工作组，开展对新联村反映问题的核查。龙蟠乡组成以乡长为组长、挂村领导为副组长的情况核实组，对在地方领导留言板投诉信中提出的相关问题做一一核实，针对此投诉事件的相关人员，工作人员进行了面对面访谈。经核实情况如下：1、关于“国家补助想给谁就给谁，为自己亲戚谋利益，有好多贫困家庭未得过任何补助”一事，2015年，你户有两个学生在读，考虑到同时供读两个学生实为吃力，经过村组领导、村委会领导讨论商议，在不违背相关政策法规前提下，将你户的2名学生列为低保人员，一直享受低保金到2017年7月。2017年7月份全乡开展贫困人口动态管理工作，召开了土官一组村民小组户主会议，经村民评议，认为现你户只有一个高中生在读，另一个孩子已从学校毕业，再加之现在整户施保的政策标准，你户没有再继续享受低保的条件，固取消了你户的低保。2、“村组山地分红未公开”一事，在高速的集体山地赔偿问题上，新联村实行财务全村公开，赔偿资金按人口数平均分配，并将该资金打入每户户主惠农账户，同时，在村委会公示栏上进行了统一公示，与你说的“村组山地分红未公开”情况不符。3、“国家土地平整投入几百万最后变成少部分人的财产”一事，在丽香高速项目建设之前土官一组18户村民就承包集体83亩荒坡，现高速路建设需要征地，该83亩荒坡在高速路九标弃土场的设置点范围内，荒坡作为临时用地被征用。土官一至七组村小组长和村民代表召开会议，对该83亩荒坡的补偿款的分配问题进行讨论，并确定83亩赔偿资金的一半由18户承包户享受，赔偿资剩余另的一半归集体所有，并按土官一至七组总人口平均分配到户，以上的分配方案有超过80%村民同意并签名按手印。4、“国家房建加固也是填2000元的表1000元钱甚至有好多没有拿到一分钱”问题，主要涉及2011年新联村的抗震安居工程，此项目资金为2000元/户，新联村实行1000元用于实瓦翻盖和房屋刷白，1000元用于加固改造的规划，且加固改造工程由乡统一组织。固该项目款中1000元用于购买加固材料和支付人工费用，其余1000元发到农户手中用于实瓦翻盖和房屋刷白。因2010年度新联村就有15户村民已实施过4500元/户的刷白工程，固2011年度1000元/户的刷白和实瓦工程不可再重复享受，你户在上述的15户之内，固2011年你户享受了1000元/户的加固工程。感谢您对我们工作的支持与理解，祝您身体健康、生活愉快！,回复时间：2017-11-25 01:14
感谢玉龙县委政府对旅游者权益的保护和重视,已办理,旅游 感谢,丽***,2017-11-1813:11,        我于2017年11月14日11:32分在地方领导留言板上发出“拉市海旅游骗局乱象仍然层出不穷”的留言。玉龙县委政府高度重视，及时与我取得联系，调查了解事情经过。11月15日上午，拉市海涉事马场就损害本人利益一事向我表示道歉并退还了损失。        本人对玉龙县党委政府和相关部门高度重视一名普通游客的情况反映表示赞赏，对他们第一时间介入调查，还原真相表示满意并感谢。,玉龙县书记县长信箱,网民同志：您好！  感谢您对我们工作的信任理解与肯定。祝身体健康、生活愉快！,回复时间：2017-11-21 09:03
拉市海旅游骗局乱象仍然层出不穷,已办理,旅游 投诉,丽***,2017-11-1507:56,"领导您好！我是一名来自河南的游客，我跟媳妇2人千里迢迢来丽江旅游，11月8日被一名当地女士忽悠说开车带我们去拉市海看风景，说那里很美很美，一个人10块钱，还说你们在那里看完风景，打电话给她，她又来接我们,从拉市海回来再给车费。犹豫了一下去了，当地的女士电话叫了另一个男的来接我们去。结果，把我们拉进了掌拉市六队马场，一下车就有人来接。司机跟马场里的人沟通了一下，把我们扔下，然后司机就走了，马场里的人跟我们介绍路线，说自己是政府系统下管辖的正规马场，给我们拿政府文件，那里有一张门面价格，最低的路线160，有的路线高到360，说自己是政府的湿地维护费100多元什么的，最后我们谈妥了230元/人，开了一个非常不正规的马帮传奇的票，价格也是手写的，保险也极不正规，把我们忽悠到一个地方骑马划船，，回来后天黑了没人管我们，我们无法返回古城进行住宿，说真的。。。骑马的经过的景点和她承诺的不一样，不是真正的拉市海湿地公园，环境很差，划船水质也很差，长满水草，经过调查给我们带去的地方不是真正的茶马古道，都是自己私自开发的地方，价格虚高，与高昂的收费价格不相称，马场工作人员与拉客的相互勾结纳高额回扣，极大的伤害了我们千里迢迢来丽江玉龙县旅游者的利益，旅游管理秩序混乱，每位旅游者收费价格都不一样，都是瞎忽悠能收高点就收高点，忽悠一个是一个，如果这样下去，拉市海这个景点口碑会被彻底毁掉，请玉龙县相关物价管理部门和旅游业主管部门引起高度重视，继续加强整顿，规范化合理化经营拉市海旅游业，请马帮传奇和掌拉市六队马场赔偿我们的损失费用，我也是政府部门从业者，如若不处理，我将由多种渠道向上级部门继续反映！",玉龙县拉市海管理委员会,"王明磊同志：您好!您通过人民网地方领导留言版给县委书记的留言收悉，县委、政府高度重视，及时责成拉市海景区管理委员会进行调查处理,现将有关情况回复如下:经核实，该马场在旅游经营服务过程中，确实存在服务不到位的问题，但不存在收取所谓“湿地维护费”的情况，对游客收取的费用也在公示价格范围。针对马场存在的问题，拉市海景区管委会一是下发整改通知，要求马场进一步加强内部管理、提升服务质量、合理合法规范经营；二是责成马场向游客道歉，退还相关费用。下一步，我们将认真督促落实整改工作，并对其它马场经营情况进行检查，进一步规范马场经营行为。感谢您对拉市海景区旅游管理工作的关心，祝您身体健康，生活愉快。                          拉市海景区管理委员会                                2017年11月17日",回复时间：2017-11-20 09:20
农田里建房子，大路无法通行,已办理,其他 投诉,帢***,2017-10-2013:45,我家大门前大路走不通了，地里也盖起了酒店，政府都没有来看一次，难道就没人管了吗？,玉龙县书记县长信箱,网民同志：您好！您此件留言内容不清，责任主体不明，所留联系方式无法联系到您，无法交有关责任主体单位处理，请予理解。祝您身体健康，生活愉快！ ,回复时间：2017-10-25 09:00
6 路公交难等，挤爆，求改善,待回复,交通 建言,匿***,2017-05-3014:40,每次等6 路公交车都等30 分钟以上……每趟都爆满挤不上去， 有时候司机为了安全到站也不停车。6 路公交车途径束河，白沙，玉峰寺，雨水寨等多个景点，提议领导重视，增加车次。,,,
玉龙县金塔景区同春珍宝馆拖欠工资,已办理,就业 投诉,匿***,2017-05-0914:20,今天领导通知说我们4月份的工资只给我们发低工资提成要到6月份才给我们发，我们工资本来就低这样搞真的很不合情理，也不和法，希望领导能帮忙处理，谢谢！,玉龙县书记县长信箱,网民同志：您好！  您通过人民网地方领导留言板给玉龙县委书记的留言收悉，您反映的金塔景区属古城区范围，请您直接向古城区反映。感谢您对我县工作的支持与理解，祝您身体健康、生活愉快！,回复时间：2017-05-19 11:21
申请户口,已办理,其他 求助,匿***,2017-04-1508:19,尊敬的各位领导 ，                                                                                         本人申请户口，原本在大理剑川马登后山为了生活困难，学习交通不便，为了孩子们的发展般迁到丽江玉龙县九河，河源村大庒房，二十多年，多次向村委会，乡政府，派出所，丽江政府，县政府，要求户口迁入，但无法给我们办理，给我们答复说，我们现住的是大丽的分区地，无法办理了，只能等着上级政策，有政策才可以给我们办理，拖了这么久，到现在还没结果，我们就成了三不管的黑人黑户，影响了后一代的发展和学习，再下去法律法规也不知了，也许犯大错，会影响了国家法律，所以请求玉龙县，县委书记，请求上级部门申请落户。祝你们身体健康，万事如意！        落户人员，三十六人。谢谢！,玉龙县公安局,网民同志：您好！您通过人民网地方领导留言板给玉龙县委书记的留言收悉，玉龙县公安局高度重视，现将有关情况回复如下：        根据调研发现：目前我局辖区的彝族自发移民是上世纪九十年代初从宁蒗县、大理州等地自发移民到我县境内，                                                                                                                                                                      没有经过相关政策的批准手续，到目前已成为自发移民的后遗症问题，导致这些村民无户籍身份，存在多种社会安全隐患。根据《云南省人民政府关于进一步推进户籍制度改革的                                                                   实施细则》（试行）第三章解决户口遗留问题第十四条解决安置移民、自发移民的落户第二条规定：“自发移民在农村移入地未取得合法生产生活资料（宅基地、土地）的，应当动员其返回原籍地。历史原因形成的自发移民难以迁返原籍地的，应纳入流动人口管理并为其办理居住证。对自发移民及其所生育子女无户口人员，由移入地公安机关配合原籍地进行核查后，对符合落户条件的按照出生户口人员登记给予办理户口”。经多次劝返，目前在我县境内的非法移民都不愿意返回宁蒗原籍地，理由是原居住地已经失去基本的生产生活条件要求政府部门在现居住地落常住户口。由于自发移民落户问题历史原因多、情况复杂，其落户问题一时难以解决。                                                                                                                                                                                                                                                                            感谢您对我县工作的支持与理解，祝您身体健康、生活愉快！,回复时间：2017-05-16 10:47
茶马古道马场恶意收费,待回复,旅游 求助,匿***,2017-02-0410:23,领导您好！我是一名来自杭州的游客，跟朋友四人一起来到当地的纳西族茶马古道骑马、划船。本抱着愉快的心情坐上车，结果司机把我们带到了一家叫掌拉市6队的马场，并告诉我们这个马场是与政府合作的正规马场，收费是政府统一的，到了马场，工作人员也是这么告诉我们。秉着对政府的信任，我们每人交了470的费用（其中十块是保险费，此费用开始并没有说明）。开始里面的人给我们介绍的景点很多，很漂亮，结果玩下来之后才发现所有的景点都没有他们所介绍的一样，可以说没什么景点！我们甚至怀疑那个并不是正真的茶马古道！回来后询问其他游客才知道，他们每人花了不到一百的价格就游玩了所有我们游玩的项目，明明打着跟政府合作的旗号，说着价格统一，结果差别如此之大！实在让人无法接受！！希望领导在百忙中能看到我的留言，并为我们主持公道！！,,,
珠宝售价虚高,已办理,旅游 投诉,匿***,2017-01-3111:22,玉龙县黄山镇中岗花卉经营有限公司珠宝馆和导游勾结卖的翡翠价格虚高，要求退货，希望云南改善旅游环境，真正落实30天无理由退货。,玉龙县工商行政管理局,网民同志：您好！您通过人民网地方领导留言板给玉龙县委书记的留言收悉，玉龙县工商行政管理局高度重视，现将有关情况回复如下：经调查了解，丽江市旅游局监理中心受理了该投诉，并已办理了退款事宜。感谢您的来信！,回复时间：2017-05-19 11:21
体育文化基础设施建设申请,已办理,文娱 建言,匿***,2016-12-0716:50,尊敬的领导：  您好！我是玉龙县鲁甸乡新主行政村东红小组的一名成员，现在就读于江西省南昌市的华东交通大学，作为一名大学生同时作为一个中华人民共和国的公民，我们应该学会主动参政议政，为更好地建设好自己的家乡自己的祖国提出自己宝贵的意见。一直以来我们村每年都要举办春节联欢会，有各种各样的活动，比如篮球友谊赛，但是每次我们东红小组都没能夺得比较满意的成绩，就是因为其他小组他们都有自己的篮球场，每次比赛前他们都可以进行一些系统的训练，而我们东红小组没有。所以我在此请求，希望县领导能帮我们东红小组建一个篮球场。最好是直接组织工人进行施工而不是拨款，因为我怕拨款的话不能把所有的建设经费用于建设施工上。最后衷心祝愿领导工作顺利，生活愉快！同时也希望我们的家乡越来越好。,玉龙县书记县长信,网民同志：您好！  您通过人民网地方领导留言板给玉龙县委书记的留言收悉，玉龙县人民政府高度重视，现将有关情况回复如下：我县体委办派出工作人员联系到了和贵雄本人，并对东红小组进行了实地查看，在确定了修建篮球场的地块后，决定给该村补助3万元，马上动工建设篮球场，还决定配套篮球架及乒乓球桌等设施。感谢您对县工作的支持与理解，祝您身体健康、生活愉快！,回复时间：2017-01-04 11:33
天籁雅筑入住6年没有房产证,已办理,城建 投诉,匿***,2016-11-1918:05,各位领导好，我们是天籁雅筑小区的住户，已经住了6年了，现在还没有拿到房产证，你们是否能帮我们，我们一千人的住户。没人帮我们，我们只有组织来县政府讨说法,玉龙县国土资源局,网民同志：您好！您通过人民网地方领导留言板给玉龙县委书记的留言收悉，玉龙县国土资源局高度重视，现将有关情况回复如下：自我县不动产登记中心6月16号成立以来，共办理了830本不动产权证书；其中天籁雅筑小区(夏和苑)代理人共向我中心先后分批交件134件，到目前为止已办理不动产权证书90本，剩下44件正在办理中.经核实您户办证材料目前还未交到我中心。在下一步工作中，我中心将一如既往，更好地做好我县不动产登记各项事务。玉龙纳西族自治县不动产登记中心2016年11月29日感谢您对我县工作的支持与理解，祝您身体健康、生活愉快！,回复时间：2016-12-19 17:35
上有好政策,已办理,三农 投诉,匿***,2016-11-1611:26,尊敬的省委书记你好：        我是丽江市玉龙县宝山乡高寒村四组的王棻，我向你反映一个情况，我的土地被云南优化不动产评估咨询有限公司非法占用用。                  我共有土地七亩九，被改公司规划在工程项目之内，但事先并没有争求我的意见，完全没有通知我，因为我的小孩在城里上学，我一直在城里照顾，没有回村居住，对于整个施工过程我并不知情。直到2016年5月28号我回到村里才发现自己的土地被施工队弄的坑坑洼洼，无法继续进行耕种，而且从地中间修了一条水泥路。发现这一情况我立即给村主任打电话，他说他有事，过几天来看，之后在没有联系我，我又主动路联系他几次，都被他各种借口推脱。我只好给乡长打电话，乡长说他派人来处理，结果我在村里等了四天也没有见到他的人。         希望能够及时得到解决。                                                                        此致,玉龙县宝山乡,网民同志：您好！您通过人民网地方领导留言板给玉龙县委书记的留言收悉，玉龙县宝山乡高度重视，现将有关情况回复如下：接到高寒四组村民王棻的来信以后，我乡高度重视，迅速安排综治办同志前往高寒四组土地平整项目部了解情况，实地查看施工现场和规划图纸，并从项目部施工负责人处了解到，土地平整项目是按规划图纸施工的，施工前已经召开了协调会议，村民都同意项目的施工，且土地平整项目是有严格的审批、规划、立项等的程序，是及机耕路建设、灌溉排水系统、土地平整、提升土地利用率为一体的民生工程，相关文件明文规定土地平整项目没有任何经济补偿。感谢您对我市县工作的支持与理解，祝您身体健康、生活愉快！,回复时间：2017-01-05 18:33
拉市海国际湿地公园环境堪忧,已办理,环保 投诉,匿***,2016-11-0310:09,"拉市镇作为玉龙县乃至丽江市的旅游大镇，每天有成千上万的客流量输入，但是环境却令人堪忧，虽说每天有人在打扫道路，但是都只是一些表面工作，垃圾信息,小广告占领了整个镇，特别是坐在公交车上，沿路全是小广告，恩宗村尤其严重；生活垃圾乱丢乱倒，没有固定的垃圾焚烧点，所有垃圾全部排入拉市海源头河流；面山破坏严重，非法开采，以致尘土飞扬，南尧村和打渔村最为严重。",玉龙县拉市,网民同志：您好！您通过人民网地方领导留言板给玉龙县委书记的留言收悉，玉龙县拉市镇高度重视，现将有关情况回复如下：网民同志您好！您通人民网反映的问题镇党委、政府高度重视，第一时间成立了工作组，逐一对照信访内容，进行了一系列强有力的整治行动。现将具体整治情况整理汇报如下：一、关于小广告泛滥问题针对全镇范围内“牛皮癣”类小广告泛滥的问题，镇党委、政府高度重视，专门成立了以党委书记任组长的专项整治领导小组，制定了工作实施方案，分集中清理、加强巩固、长效监管三个阶段，广泛发动党员、群众及干部职工，在全镇范围内开展了一系列专项整治工作。目前整治工作推进顺利，整治效果明显，全镇范围内小广告数量大幅减少。二、关于垃圾乱丢乱倒问题拉市海作为全国重要的湿地保护区，我镇历来高度重视环境保护问题。特别在今年年内，我镇除大力组织开展了一系列卫生清扫活动外，一是在县委、县政府的指导下，自今年7月份开始，我镇大力组织开展了拉市海旅游环境整治工作，根据全镇实际，制定完善了有关制度，加大了环卫人员、垃圾箱等的配备，取得了较好成效。二是针对农村垃圾集中清运难的问题，积极向上争取，已规划在镇内建设两座垃圾中转站，其中，海东垃圾中转站已在开工建设。待两座垃圾中转站建设完成后，将覆盖全镇范围内的垃圾清运。三、关于非法开采的问题“两违两山”整治作为我镇今年开展的一项重点工作，镇内在县委、县政府的指导下，在各部门的关心支持下，下大力对全镇范围内违法、违规建筑及面山破坏行为进行重拳整治，整治效果明显。但针对信访件中提到的南尧村和打渔村非法开采破坏面山行为严重的问题，经工作组实地排查，未发现非法开采行为。对于尘土飞扬的说法，是受丽香铁路施工影响，导致尘土较多。感谢您的来信！                                 拉市镇人民政府                                2016年12月28日感谢您对我（省、州、市、县）   工作的支持与理解，祝您身体健康、生活愉快！,回复时间：2017-01-04 11:34
出行难啊,已办理,交通 求助,匿***,2016-09-0911:14,我是石鼓格子南山的，我们那里的通村道路那么差，百姓出行都困难。政府怎么就不能硬化一下呢？对面迪庆和我们的差距怎么就这么大呢？能不能尽快给解决呢？,玉龙县交通运输局,网民同志：您好！您的来信收悉。玉龙县人民政府高度重视，及时交玉龙县交通局调查核实，现就相关情况回复如下：南山小组道路位于石鼓镇格子村委会，目前该条村组道路已在农村公路库外数据库，且属于直过民族50户以上，该路线起点位于白维线K59+040处，止于南山小组，现有道路均为土路，总里程14.018公里，经我局技术人员对该路段实地勘查，估算投资需980万元，但省补资金每公里仅为30万元，由于资金缺口较大，无力对该村组道路进行建设，现正在积极争取列入云南省交通投资计划项目库中，到目前为止，计划仍未下达，下一步，我局将积极向上级交通部门争取资金及地方配套，尽早实施。感谢您的来信。顺祝身体健康。,回复时间：2016-10-18 09:06
咨询外地农保报销问题,已办理,医疗 咨询,匿***,2016-08-1414:16,老婆是丽江巨甸的人，在四川西充生孩子，她在老家丽江巨甸买了农保的请问可以直接在四川报吗？可以的话是怎么哪报？需要些什么资料？报销比例是多少呢？,玉龙县卫生局,"网民同志：您好！您的来信收悉，玉龙县人民政府高度重视，及时交玉龙县卫生局调查核实，现就相关情况回复如下：按照玉龙县新型农村合作医疗2016年管理办法的规定：第二十八条 住院补偿设立起付线和封顶线，每人每年累计住院补偿封顶线为150,000元。补偿标准为：住院分省级定点医疗机构、市级定点医疗机构、县级定点医疗机构、乡级定点医疗机构、其他可报销医疗机构五个级别来执行。省级定点医疗机构起付线1200元，按50%补偿报销；市级定点医疗机构起付线800元，按60%补偿报销，其中所有辅助检查费用按50%比例报销；县级定点医疗机构起付线 400元，按80%补偿报销,其中核磁共振、ICT检查费按50%报销，其余辅助检查费用按70%比例报销；乡级定点医疗机构起付线100元，按90%补偿报销；其他可报销医疗机构起付线1000元，按40%补偿报销。第三十一条 我县参加新型农村合作医疗的外出务工人员、临时外出人员因病在外就近住院治疗的，必须选择符合规定的医疗机构住院（县级以上公立医院），外出务工人员提供务工证明、暂住证明，临时外出人员提供村委会及乡政府出具的书面证明材料。异地住院报销除了云南省内直补的几家省级医院以外，都在玉龙县合管中心统一报销。感谢您的来信。顺祝您身体健康！（玉龙县新型农村合作医疗管理中心）",回复时间：2016-10-18 09:11
补充,待回复,文娱 投诉,匿***,2016-04-1813:50,    我们参加的是云南6日游，会在明天早上离开云南，如果时间允许，请领导尽快处理，万分感激！,,,
卫生间漏水投诉无门,待回复,城建 求助,匿***,2016-02-1016:51,本人购买玉龙县金龙村天雨家园小区11栋2单元102室住房（精装修）已经两年，2016年1月开始卫生间多处漏水，物业、开发商均不维修（多次催促），2月向质检中心电话投诉和网络投诉，也是没有下文，是不是玉龙县没有人管了呀？整个小区绿化率也不达标，前后院都卖给住户了，怎么通过的综合验收？,,,
投诉,待回复,城建 投诉,匿***,2015-11-2615:16,各位领导；我们是天籁雅筑的业主，我们买房子都已经4年了，现在还拿不到房产证，而开发商却一直不露面，去找信访办也是推三推四。当初承诺的活动中心，网球场、健身房、儿童娱乐城连影子都没有。我们当中有辛辛苦苦的打工者，有新婚夫妇，有内地的购房者，也有来四川安度晚年的老人，为了买房，大家花尽心思，精挑细选，耗光大半生积蓄买来的房子却根本没有保障。还投诉无门。小区内的设施不齐全，本来绿化就不达标。现在还有很多家把花园向外扩，请你们城建局来看看。小区的业主在商量一家出一两人来县政府讨说法，我觉得还是先在这里反应一下情况比较好。,,,
在丽江民族风俗村购买高价药材,待回复,其他 投诉,匿***,2015-10-0109:07,刘小姐：9月30日从拉市海回古城路上路过一个叫民俗文化的地方 ，里面卖有药材，当时遇见一女一男，说一重药叫鹿仙草，多么多么好 治疗掉头发非常好，现在 生活压力大 ，对这个非常有感染力的药材，当时多了一些关注，卖12元一两，6元就卖，我与男友买了一些，当时花去5889元，可是回到酒店，一算相当于三千多一斤了！！在了解下，这种药多也就三，四十一斤，所以，我要求当地领导做以调查，给予答复，与解决，谢谢！,,,
家遭遇洪水，求助！,待回复,其他 投诉,匿***,2015-08-3009:56,书记！您好！我是鲁甸乡太平村民王凤文，有一事请您帮忙解决。我家上面有几个村子，多年前在我家上方修了公路，到去年已经铺水泥路，这路都没有排水沟，一到雨季，所有水就冲到我家，使我家人生和农田，牲畜受到极大危险，多次和村委会，乡政府请求修好我家上方车路和水沟，都以种种理由拖着，在我们村每年都有很多工程，可对我们家生危根本没当会事，这么多年了，也不知道什么时候开始帮忙改造，由于工程量大，自己做不起，请书记在百忙当中帮忙解决。谢谢！,,,
被导游忽悠，买的翡翠有严重瑕疵，商场不给退货,待回复,旅游 投诉,匿***,2015-07-2015:34,7.17号我在旅行团导游带领下买了个镯子，买回来后发现手镯表面有数个明显的缺口，当时导购并没有告知，我要求退货，他们的经理说没有退货系统不能退,,,
